,RaceId,DriverId,ConstructorId,QualifyingPosition
2998,1,1,1,15
2994,1,2,2,11
2988,1,3,3,5
2995,1,4,4,12
2997,1,5,1,14
2996,1,6,3,13
3003,1,7,5,20
2992,1,8,6,9
2987,1,9,2,4
2989,1,10,7,6
3000,1,12,4,17
2990,1,13,6,7
2991,1,15,7,8
3002,1,16,10,19
2993,1,17,9,10
2984,1,18,23,1
2986,1,20,9,3
3001,1,21,10,18
2985,1,22,23,2
2999,1,67,5,16
3016,2,1,1,13
3014,2,2,2,11
3009,2,3,3,6
3013,2,4,4,10
3017,2,5,1,14
3015,2,6,3,12
3018,2,7,5,15
3012,2,8,6,9
3011,2,9,2,8
3008,2,10,7,5
3020,2,12,4,17
3019,2,13,6,16
3005,2,15,7,2
3022,2,16,10,19
3010,2,17,9,7
3004,2,18,23,1
3006,2,20,9,3
3021,2,21,10,18
3007,2,22,23,4
3023,2,67,5,20
3032,3,1,1,9
3034,3,2,2,11
3030,3,3,3,7
3025,3,4,4,2
3035,3,5,1,12
3038,3,6,3,15
3039,3,7,5,16
3031,3,8,6,8
3041,3,9,2,18
3037,3,10,7,14
3040,3,12,4,17
3036,3,13,6,13
3029,3,15,7,6
3042,3,16,10,19
3026,3,17,9,3
3028,3,18,23,5
3024,3,20,9,1
3043,3,21,10,20
3027,3,22,23,4
3033,3,67,5,10
3048,4,1,1,5
3057,4,2,2,14
3052,4,3,3,9
3050,4,4,4,7
3054,4,5,1,11
3055,4,6,3,12
3063,4,7,5,20
3053,4,8,6,10
3056,4,9,2,13
3045,4,10,7,2
3058,4,12,4,15
3051,4,13,6,8
3044,4,15,7,1
3059,4,16,10,16
3062,4,17,9,19
3047,4,18,23,4
3046,4,20,9,3
3061,4,21,10,18
3049,4,22,23,6
3060,4,67,5,17
3077,5,1,1,14
3076,5,2,2,13
3072,5,3,3,9
3071,5,4,4,8
3081,5,5,1,18
3074,5,6,3,11
3080,5,7,5,17
3079,5,8,6,16
3073,5,9,2,10
3069,5,10,7,6
3075,5,12,4,12
3067,5,13,6,4
3070,5,15,7,7
3082,5,16,10,19
3068,5,17,9,5
3064,5,18,23,1
3065,5,20,9,2
3083,5,21,10,20
3066,5,22,23,3
3078,5,67,5,15
3099,6,1,1,16
3100,6,2,2,17
3089,6,3,3,6
3092,6,4,4,9
3090,6,5,1,7
3093,6,6,3,10
3097,6,7,5,14
3085,6,8,6,2
3101,6,9,2,18
3103,6,10,7,20
3095,6,12,4,12
3088,6,13,6,5
3102,6,15,7,19
3098,6,16,10,15
3091,6,17,9,8
3084,6,18,23,1
3087,6,20,9,4
3096,6,21,10,13
3086,6,22,23,3
3094,6,67,5,11
3119,7,1,1,16
3114,7,2,2,11
3112,7,3,3,9
3111,7,4,4,8
3117,7,5,1,14
3115,7,6,3,12
3123,7,7,5,20
3109,7,8,6,6
3113,7,9,2,10
3116,7,10,7,13
3120,7,12,4,17
3110,7,13,6,7
3108,7,15,7,5
3118,7,16,10,15
3107,7,17,9,4
3105,7,18,23,2
3104,7,20,9,1
3122,7,21,10,19
3106,7,22,23,3
3121,7,67,5,18
3142,8,1,1,19
3138,8,2,2,15
3130,8,3,3,7
3133,8,4,4,10
3136,8,5,1,13
3128,8,6,3,5
3140,8,7,5,17
3132,8,8,6,9
3135,8,9,2,12
3131,8,10,7,8
3137,8,12,4,14
3134,8,13,6,11
3127,8,15,7,4
3141,8,16,10,18
3126,8,17,9,3
3129,8,18,23,6
3124,8,20,9,1
3139,8,21,10,16
3125,8,22,23,2
3143,8,67,5,20
3148,9,1,1,5
3154,9,2,2,11
3158,9,3,3,15
3155,9,4,4,12
3149,9,5,1,6
3156,9,6,3,13
3163,9,7,5,20
3152,9,8,6,9
3159,9,9,2,16
3162,9,10,7,19
3153,9,12,4,10
3151,9,13,6,8
3157,9,15,7,14
3150,9,16,10,7
3144,9,17,9,1
3146,9,18,23,3
3147,9,20,9,4
3161,9,21,10,18
3145,9,22,23,2
3160,9,67,5,17
3167,10,1,1,4
3179,10,2,2,16
3168,10,3,3,5
3164,10,4,4,1
3169,10,5,1,6
3172,10,6,3,9
3170,10,8,6,7
3182,10,9,2,19
3177,10,10,7,14
3178,10,12,4,15
3173,10,13,6,10
3175,10,15,7,12
3181,10,16,10,18
3166,10,17,9,3
3171,10,18,23,8
3165,10,20,9,2
3180,10,21,10,17
3176,10,22,23,13
3174,10,67,5,11
3183,10,153,5,20
3184,11,1,1,1
3194,11,2,2,11
3190,11,3,3,7
3191,11,4,4,8
3185,11,5,1,2
3200,11,6,3,17
3189,11,8,6,6
3193,11,9,2,10
3196,11,10,7,13
3201,11,15,7,18
3195,11,16,10,12
3192,11,17,9,9
3188,11,18,23,5
3187,11,20,9,4
3199,11,21,10,16
3186,11,22,23,3
3198,11,67,5,15
3203,11,69,6,20
3202,11,153,5,19
3197,11,154,4,14
3215,12,1,1,12
3206,12,2,2,3
3213,12,3,3,10
3216,12,4,4,13
3218,12,5,1,15
3221,12,6,3,18
3209,12,8,6,6
3208,12,9,2,5
3210,12,10,7,7
3205,12,15,7,2
3214,12,16,10,11
3212,12,17,9,9
3217,12,18,23,14
3211,12,20,9,8
3204,12,21,10,1
3207,12,22,23,4
3219,12,67,5,16
3223,12,69,6,20
3220,12,153,5,17
3222,12,154,4,19
3224,13,1,1,1
3238,13,2,2,15
3241,13,3,3,18
3231,13,4,4,8
3227,13,5,1,4
3240,13,6,3,17
3226,13,8,6,3
3236,13,9,2,13
3239,13,10,7,16
3234,13,15,7,11
3225,13,16,10,2
3233,13,17,9,10
3229,13,18,23,6
3232,13,20,9,9
3237,13,21,6,14
3228,13,22,23,5
3230,13,24,10,7
3242,13,67,5,19
3243,13,153,5,20
3235,13,154,4,12
3244,14,1,1,1
3251,14,2,2,8
3246,14,3,3,3
3249,14,4,4,6
3253,14,5,1,10
3254,14,6,3,11
3256,14,8,6,13
3252,14,9,2,9
3250,14,10,7,7
3258,14,15,7,15
3259,14,16,10,16
3247,14,17,9,4
3255,14,18,23,12
3245,14,20,9,2
3261,14,21,6,18
3248,14,22,23,5
3263,14,24,10,20
3257,14,67,5,14
3260,14,153,5,17
3262,14,154,4,19
3266,15,1,1,3
3269,15,2,2,6
3274,15,3,3,11
3275,15,4,4,12
3272,15,5,1,9
3280,15,6,3,17
3271,15,8,6,8
3276,15,9,2,13
3277,15,10,7,14
3265,15,15,7,2
3267,15,16,10,4
3283,15,17,9,20
3270,15,18,23,7
3264,15,20,9,1
3279,15,21,6,16
3268,15,22,23,5
3282,15,24,10,19
3273,15,67,5,10
3278,15,153,5,15
3281,15,154,4,18
3301,16,1,1,18
3302,16,2,2,19
3290,16,3,3,7
3293,16,4,4,10
3300,16,5,1,17
3292,16,6,3,9
3288,16,8,6,5
3291,16,9,2,8
3287,16,15,7,4
3286,16,16,10,3
3285,16,17,9,2
3297,16,18,23,14
3299,16,20,9,16
3303,16,21,6,20
3284,16,22,23,1
3298,16,24,10,15
3289,16,67,5,6
3295,16,153,5,12
3296,16,154,4,13
3294,16,155,7,11
3304,17,1,1,1
3311,17,2,2,8
3312,17,3,3,9
3319,17,4,4,16
3316,17,5,1,13
3317,17,6,3,14
3314,17,8,6,11
3310,17,9,2,7
3309,17,15,7,6
3321,17,16,10,18
3306,17,17,9,3
3308,17,18,23,5
3305,17,20,9,2
3323,17,21,6,20
3307,17,22,23,4
3320,17,24,10,17
3313,17,67,5,10
3318,17,153,5,15
3322,17,154,4,19
3315,17,155,7,12
0,18,1,1,1
4,18,2,2,5
6,18,3,3,7
11,18,4,4,12
2,18,5,1,3
13,18,6,3,14
17,18,7,5,18
15,18,8,6,16
1,18,9,2,2
8,18,10,7,9
19,18,11,8,20
20,18,12,4,21
3,18,13,6,4
7,18,14,9,8
5,18,15,7,6
18,18,16,10,19
14,18,17,9,15
12,18,18,11,13
21,18,19,8,22
9,18,20,5,10
16,18,21,10,17
10,18,22,11,11
25,19,1,1,4
28,19,2,2,7
37,19,3,3,16
30,19,4,4,9
24,19,5,1,3
39,19,6,3,18
40,19,7,5,19
23,19,8,6,2
27,19,9,2,6
31,19,10,7,10
41,19,11,8,20
34,19,12,4,13
22,19,13,6,1
33,19,14,9,12
26,19,15,7,5
42,19,16,10,21
29,19,17,9,8
32,19,18,11,11
43,19,19,8,22
36,19,20,5,15
38,19,21,10,17
35,19,22,11,14
46,20,1,1,3
49,20,2,2,6
51,20,3,3,8
53,20,4,4,10
48,20,5,1,5
59,20,6,3,16
58,20,7,5,15
47,20,8,6,4
44,20,9,2,1
56,20,10,7,13
65,20,11,8,22
57,20,12,4,14
45,20,13,6,2
60,20,14,9,17
50,20,15,7,7
63,20,16,10,20
54,20,17,9,11
52,20,18,11,9
64,20,19,8,21
62,20,20,5,19
61,20,21,10,18
55,20,22,11,12
70,21,1,1,5
74,21,2,2,9
80,21,3,3,15
67,21,4,4,2
71,21,5,1,6
77,21,6,3,12
81,21,7,5,16
66,21,8,6,1
69,21,9,2,4
79,21,10,7,14
87,21,11,8,22
75,21,12,4,10
68,21,13,6,3
82,21,14,9,17
73,21,15,7,8
85,21,16,10,20
72,21,17,9,7
78,21,18,11,13
86,21,19,8,21
83,21,20,5,18
84,21,21,10,19
76,21,22,11,11
90,22,1,1,3
96,22,2,2,9
98,22,3,3,11
94,22,4,4,7
89,22,5,1,2
103,22,6,3,16
105,22,7,5,18
91,22,8,6,4
92,22,9,2,5
102,22,10,7,15
104,22,12,4,17
88,22,13,6,1
97,22,14,9,10
95,22,15,7,8
107,22,16,10,20
93,22,17,9,6
100,22,18,11,13
101,22,20,5,14
106,22,21,10,19
99,22,22,11,12
110,23,1,1,3
120,23,2,2,13
113,23,3,3,6
114,23,4,4,7
111,23,5,1,4
121,23,6,3,14
123,23,7,5,16
109,23,8,6,2
112,23,9,2,5
118,23,10,7,11
124,23,12,4,17
108,23,13,6,1
117,23,14,9,10
115,23,15,7,8
126,23,16,10,19
116,23,17,9,9
119,23,18,11,12
125,23,20,5,18
127,23,21,10,20
122,23,22,11,15
128,24,1,1,1
135,24,2,2,8
132,24,3,3,5
131,24,4,4,4
134,24,5,1,7
139,24,6,3,12
143,24,7,5,16
130,24,8,6,3
129,24,9,2,2
138,24,10,7,11
142,24,12,4,15
133,24,13,6,6
140,24,14,9,13
141,24,15,7,14
144,24,16,10,17
137,24,17,9,10
146,24,18,11,19
147,24,20,5,20
145,24,21,10,18
136,24,22,11,9
150,25,1,1,3
159,25,2,2,12
162,25,3,3,15
151,25,4,4,4
153,25,5,1,6
163,25,6,3,16
161,25,7,5,14
148,25,8,6,1
154,25,9,2,7
157,25,10,7,10
158,25,12,4,11
149,25,13,6,2
156,25,14,9,9
152,25,15,7,5
167,25,16,10,20
155,25,17,9,8
164,25,18,11,17
160,25,20,5,13
166,25,21,10,19
165,25,22,11,18
171,26,1,1,4
172,26,2,2,5
185,26,3,3,18
173,26,4,4,6
168,26,5,1,1
182,26,6,3,15
180,26,7,5,13
170,26,8,6,3
177,26,9,2,10
179,26,10,7,12
174,26,12,4,7
176,26,13,6,9
178,26,14,9,11
181,26,15,7,14
186,26,16,10,19
169,26,17,9,2
184,26,18,11,17
175,26,20,5,8
187,26,21,10,20
183,26,22,11,16
188,27,1,1,1
199,27,2,2,12
200,27,3,3,13
192,27,4,4,5
190,27,5,1,3
203,27,6,3,16
202,27,7,5,15
193,27,8,6,6
194,27,9,2,7
198,27,10,7,11
204,27,12,4,17
189,27,13,6,2
197,27,14,9,10
191,27,15,7,4
206,27,16,10,19
195,27,17,9,8
201,27,18,11,14
196,27,20,5,9
207,27,21,10,20
205,27,22,11,18
208,28,1,1,1
223,28,2,2,16
222,28,3,3,15
214,28,4,4,7
209,28,5,1,2
224,28,6,3,17
221,28,7,5,14
213,28,8,6,6
211,28,9,2,4
212,28,10,7,5
217,28,12,4,10
210,28,13,6,3
220,28,14,9,13
216,28,15,7,9
227,28,16,10,20
215,28,17,9,8
219,28,18,11,12
218,28,20,5,11
226,28,21,10,19
225,28,22,11,18
229,29,1,1,2
235,29,2,2,8
236,29,3,3,9
239,29,4,4,12
232,29,5,1,5
238,29,6,3,11
237,29,7,5,10
231,29,8,6,4
230,29,9,2,3
240,29,10,7,13
242,29,12,4,15
228,29,13,6,1
244,29,14,9,17
234,29,15,7,7
247,29,16,10,20
241,29,17,9,14
243,29,18,11,16
233,29,20,5,6
245,29,21,10,18
246,29,22,11,19
248,30,1,1,1
252,30,2,2,5
262,30,3,3,15
253,30,4,4,6
250,30,5,1,3
266,30,6,3,19
256,30,7,5,9
251,30,8,6,4
255,30,9,2,8
260,30,10,7,13
259,30,12,4,12
249,30,13,6,2
261,30,14,9,14
258,30,15,7,11
265,30,16,10,18
254,30,17,9,7
264,30,18,11,17
257,30,20,5,10
267,30,21,10,20
263,30,22,11,16
282,31,1,1,15
277,31,2,2,10
272,31,3,3,5
275,31,4,4,8
269,31,5,1,2
285,31,6,3,18
271,31,7,5,4
281,31,8,6,14
278,31,9,2,11
276,31,10,7,9
284,31,12,4,17
273,31,13,6,6
280,31,14,9,13
274,31,15,7,7
287,31,16,10,20
270,31,17,9,3
286,31,18,11,19
268,31,20,5,1
279,31,21,10,12
283,31,22,11,16
289,32,1,1,2
293,32,2,2,6
296,32,3,3,9
302,32,4,4,15
292,32,5,1,5
297,32,6,3,10
304,32,7,5,17
290,32,8,6,3
291,32,9,2,4
295,32,10,7,8
303,32,12,4,16
288,32,13,6,1
301,32,14,9,14
298,32,15,7,11
306,32,16,10,19
300,32,17,9,13
299,32,18,11,12
294,32,20,5,7
307,32,21,10,20
305,32,22,11,18
308,33,1,1,1
323,33,2,2,16
322,33,3,3,15
311,33,4,4,4
310,33,5,1,3
321,33,6,3,14
317,33,7,5,10
309,33,8,6,2
313,33,9,2,6
315,33,10,7,8
319,33,12,4,12
312,33,13,6,5
318,33,14,9,11
314,33,15,7,7
326,33,16,10,19
320,33,17,9,13
325,33,18,11,18
316,33,20,5,9
327,33,21,10,20
324,33,22,11,17
328,34,1,1,1
334,34,2,2,7
342,34,3,3,15
331,34,4,4,4
332,34,5,1,5
344,34,6,3,17
337,34,7,5,10
329,34,8,6,2
339,34,9,2,12
340,34,10,7,13
338,34,12,4,11
330,34,13,6,3
343,34,14,9,16
336,34,15,7,9
346,34,16,10,19
333,34,17,9,6
345,34,18,11,18
335,34,20,5,8
347,34,21,10,20
341,34,22,11,14
351,35,1,1,4
355,35,2,2,8
365,35,3,3,18
353,35,4,4,6
352,35,5,1,5
363,35,6,3,16
356,35,7,5,9
350,35,8,6,3
360,35,9,2,13
357,35,10,7,10
358,35,12,4,11
348,35,13,6,1
361,35,14,9,14
349,35,15,7,2
367,35,16,10,20
359,35,17,9,12
364,35,18,11,17
354,35,20,5,7
366,35,21,10,19
362,35,22,11,15
3327,337,1,1,4
3328,337,3,131,5
3326,337,4,6,3
3344,337,5,205,21
3332,337,9,4,9
3342,337,10,166,19
3325,337,13,6,2
3343,337,15,205,20
3333,337,16,10,10
3329,337,17,9,6
3331,337,18,1,8
3324,337,20,9,1
3334,337,22,3,11
3335,337,24,10,12
3330,337,30,131,7
3337,337,37,15,14
3338,337,67,5,15
3341,337,153,5,18
3339,337,155,15,16
3336,337,807,3,13
3340,337,808,4,17
3345,337,810,166,22
3346,337,811,164,23
3347,337,812,164,24
3358,338,1,1,11
3353,338,3,131,6
3350,338,4,6,3
3366,338,5,205,19
3356,338,9,4,9
3368,338,10,166,21
3352,338,13,6,5
3367,338,15,205,20
3357,338,16,10,10
3349,338,17,9,2
3351,338,18,1,4
3348,338,20,9,1
3355,338,22,3,8
3360,338,24,10,13
3354,338,30,131,7
3361,338,37,15,14
3359,338,67,5,12
3364,338,153,5,17
3363,338,155,15,16
3362,338,807,3,15
3365,338,808,4,18
3369,338,810,166,22
3370,338,811,164,23
3371,338,812,164,24
3391,339,1,1,20
3373,339,3,131,2
3390,339,4,6,19
3386,339,5,205,15
3377,339,9,4,6
3387,339,10,166,16
3392,339,13,6,21
3389,339,15,205,18
3375,339,16,10,4
3372,339,17,9,1
3388,339,18,1,17
3374,339,20,9,3
3378,339,22,3,7
3381,339,24,10,10
3379,339,30,131,8
3383,339,37,15,12
3384,339,67,5,13
3385,339,153,5,14
3380,339,155,15,9
3376,339,807,3,5
3382,339,808,4,11
3395,339,810,166,24
3394,339,811,164,23
3393,339,812,164,22
3401,340,1,1,6
3399,340,3,131,4
3398,340,4,6,3
3416,340,5,205,21
3403,340,9,4,8
3414,340,10,166,19
3402,340,13,6,7
3415,340,15,205,20
3405,340,16,10,10
3397,340,17,9,2
3400,340,18,1,5
3396,340,20,9,1
3406,340,22,3,11
3413,340,24,10,18
3404,340,30,131,9
3412,340,37,15,17
3408,340,67,5,13
3407,340,153,5,12
3410,340,155,15,15
3411,340,807,3,16
3409,340,808,4,14
3417,340,810,166,22
3418,340,811,164,23
3419,340,812,164,24
3422,341,1,1,3
3427,341,3,131,8
3423,341,4,6,4
3439,341,5,205,20
3426,341,9,4,7
3440,341,10,166,21
3428,341,13,6,9
3438,341,15,205,19
3430,341,16,10,11
3420,341,17,9,1
3424,341,18,1,5
3421,341,20,9,2
3437,341,22,3,18
3436,341,24,10,17
3425,341,30,131,6
3431,341,37,15,12
3434,341,67,5,15
3435,341,153,5,16
3429,341,155,15,10
3432,341,807,3,13
3433,341,808,4,14
3441,341,810,166,22
3443,341,811,164,24
3442,341,812,164,23
3448,342,1,1,5
3449,342,3,131,6
3467,342,4,6,24
3461,342,5,205,18
3445,342,9,4,2
3463,342,10,166,20
3447,342,13,6,4
3462,342,15,205,19
3455,342,16,10,12
3444,342,17,9,1
3451,342,18,1,8
3446,342,20,9,3
3452,342,22,3,9
3453,342,24,10,10
3450,342,30,131,7
3458,342,37,15,15
3456,342,67,5,13
3460,342,153,5,17
3459,342,155,15,16
3454,342,807,3,11
3457,342,808,4,14
3464,342,810,166,21
3465,342,811,164,22
3466,342,812,164,23
3469,343,1,1,2
3473,343,3,131,6
3479,343,4,6,12
3487,343,5,205,20
3474,343,9,4,7
3488,343,10,166,21
3475,343,13,6,8
3486,343,15,205,19
3478,343,16,10,11
3468,343,17,9,1
3471,343,18,1,4
3470,343,20,9,3
3482,343,22,3,15
3485,343,24,10,18
3472,343,30,131,5
3480,343,37,15,13
3481,343,67,5,14
3483,343,153,5,16
3477,343,155,15,10
3484,343,807,3,17
3476,343,808,4,9
3490,343,810,166,23
3489,343,811,164,22
3491,343,812,164,24
3492,344,1,1,1
3501,344,3,131,10
3495,344,4,6,4
3510,344,5,205,19
3499,344,9,4,8
3512,344,10,166,21
3498,344,13,6,7
3511,344,15,205,20
3500,344,16,10,9
3493,344,17,9,2
3496,344,18,1,5
3494,344,20,9,3
3502,344,22,3,11
3497,344,24,10,6
3504,344,30,131,13
3508,344,37,15,17
3506,344,67,5,15
3507,344,153,5,16
3509,344,155,15,18
3503,344,807,3,12
3505,344,808,4,14
3514,344,810,166,23
3513,344,811,164,22
3515,344,812,164,24
3518,345,1,1,3
3527,345,3,131,12
3519,345,4,6,4
3535,345,5,205,20
3521,345,9,4,6
3537,345,10,166,22
3520,345,13,6,5
3534,345,15,205,19
3528,345,16,10,13
3517,345,17,9,2
3522,345,18,1,7
3516,345,20,9,1
3524,345,22,3,9
3529,345,24,10,14
3530,345,30,131,15
3531,345,37,15,16
3526,345,67,5,11
3532,345,153,5,17
3533,345,155,15,18
3523,345,807,3,8
3525,345,808,4,10
3536,345,810,166,21
3539,345,811,164,24
3538,345,812,164,23
3543,346,1,1,4
3544,346,3,131,5
3542,346,4,6,3
3558,346,5,205,19
3545,346,9,4,6
3559,346,10,166,20
3546,346,13,6,7
3560,346,15,205,21
3550,346,16,10,11
3541,346,17,9,2
3553,346,18,1,14
3540,346,20,9,1
3547,346,22,3,8
3554,346,24,10,15
3563,346,29,164,24
3549,346,30,131,10
3548,346,37,15,9
3556,346,67,5,17
3557,346,153,5,18
3551,346,155,15,12
3552,346,807,3,13
3555,346,808,4,16
3561,346,810,166,22
3562,346,812,164,23
3569,347,1,1,6
3572,347,3,131,9
3565,347,4,6,2
3582,347,5,205,19
3570,347,9,4,7
3583,347,10,166,20
3566,347,13,6,3
3581,347,15,205,18
3577,347,16,10,14
3567,347,17,9,4
3568,347,18,1,5
3564,347,20,9,1
3571,347,22,3,8
3585,347,24,10,22
3586,347,29,164,23
3574,347,30,131,11
3578,347,37,15,15
3580,347,67,5,17
3579,347,153,5,16
3575,347,155,15,12
3573,347,807,3,10
3576,347,808,4,13
3587,347,810,166,24
3584,347,811,164,21
3592,348,1,1,5
3593,348,3,131,6
3590,348,4,6,3
3607,348,5,205,20
3595,348,9,4,8
3606,348,10,166,19
3591,348,13,6,4
3608,348,15,205,21
3600,348,16,10,13
3589,348,17,9,2
3598,348,18,1,11
3588,348,20,9,1
3599,348,22,3,12
3603,348,24,10,16
3611,348,29,164,24
3601,348,30,131,14
3596,348,37,15,9
3602,348,67,5,15
3604,348,153,5,17
3605,348,155,15,18
3597,348,807,3,10
3594,348,808,4,7
3609,348,810,166,22
3610,348,811,164,23
3613,349,1,1,2
3623,349,3,131,12
3621,349,4,6,10
3627,349,5,205,16
3614,349,9,4,3
3628,349,10,166,17
3617,349,13,6,6
3629,349,15,205,18
3619,349,16,10,8
3612,349,17,9,1
3616,349,18,1,5
3615,349,20,9,4
3618,349,22,3,7
3625,349,24,10,14
3632,349,29,164,21
3622,349,30,131,11
3633,349,37,15,22
3626,349,67,5,15
3624,349,153,5,13
3630,349,155,15,19
3620,349,807,3,9
3635,349,808,4,24
3634,349,810,166,23
3631,349,811,164,20
3640,350,1,1,5
3642,350,3,131,7
3636,350,4,6,1
3654,350,5,205,19
3644,350,9,4,9
3656,350,10,166,21
3638,350,13,6,3
3653,350,15,205,18
3646,350,16,10,11
3639,350,17,9,4
3637,350,18,1,2
3641,350,20,9,6
3645,350,22,3,10
3655,350,24,10,20
3659,350,29,164,24
3647,350,30,131,12
3652,350,37,15,17
3649,350,67,5,14
3651,350,153,5,16
3648,350,155,15,13
3643,350,807,3,8
3650,350,808,4,15
3657,350,810,166,22
3658,350,811,164,23
3662,351,1,1,3
3674,351,2,15,15
3666,351,3,131,7
3660,351,4,6,1
3678,351,5,205,19
3667,351,9,4,8
3677,351,10,166,18
3683,351,13,6,24
3680,351,15,205,21
3675,351,16,10,16
3664,351,17,9,5
3663,351,18,1,4
3661,351,20,9,2
3665,351,22,3,6
3676,351,24,10,17
3668,351,30,131,9
3681,351,32,164,22
3673,351,67,5,14
3670,351,153,5,11
3669,351,155,15,10
3671,351,807,3,12
3672,351,808,4,13
3679,351,810,166,20
3682,351,811,164,23
3686,352,1,1,3
3694,352,2,15,11
3690,352,3,131,7
3688,352,4,6,5
3703,352,5,205,20
3687,352,9,4,4
3705,352,10,166,22
3695,352,13,6,12
3702,352,15,205,19
3698,352,16,10,15
3685,352,17,9,2
3689,352,18,1,6
3684,352,20,9,1
3691,352,22,3,8
3700,352,24,10,17
3707,352,29,164,24
3693,352,30,131,10
3701,352,67,5,18
3699,352,153,5,16
3697,352,155,15,14
3692,352,807,3,9
3696,352,808,4,13
3704,352,810,166,21
3706,352,811,164,23
3711,353,1,1,4
3720,353,2,15,13
3712,353,3,131,5
3710,353,4,6,3
3728,353,5,205,21
3715,353,9,4,8
3727,353,10,166,20
3713,353,13,6,6
3726,353,15,205,19
3721,353,16,10,14
3709,353,17,9,2
3714,353,18,1,7
3708,353,20,9,1
3717,353,22,3,10
3725,353,24,10,18
3730,353,29,164,23
3716,353,30,131,9
3724,353,67,5,17
3723,353,153,5,16
3719,353,155,15,12
3718,353,807,3,11
3722,353,808,4,15
3729,353,810,166,22
3731,353,811,164,24
3735,354,1,1,4
3747,354,2,15,16
3744,354,3,131,13
3736,354,4,6,5
3752,354,5,205,21
3738,354,9,4,7
3750,354,10,166,19
3740,354,13,6,9
3751,354,15,205,20
3749,354,16,10,18
3734,354,17,9,3
3742,354,18,1,11
3733,354,20,9,2
3737,354,22,3,6
3748,354,24,10,17
3739,354,30,131,8
3754,354,32,164,23
3746,354,67,5,15
3745,354,153,5,14
3743,354,155,15,12
3732,354,807,3,1
3741,354,808,4,10
3753,354,810,166,22
3755,354,811,164,24
3757,355,1,1,2
3769,355,2,15,14
3764,355,3,131,9
3758,355,4,6,3
3775,355,5,205,20
3766,355,9,4,11
3776,355,10,166,21
3761,355,13,6,6
3774,355,15,205,19
3768,355,16,10,13
3760,355,17,9,5
3759,355,18,1,4
3756,355,20,9,1
3762,355,22,3,7
3771,355,24,10,16
3763,355,30,131,8
3779,355,32,164,24
3773,355,67,5,18
3772,355,153,5,17
3767,355,155,15,12
3770,355,807,3,15
3765,355,808,4,10
3777,355,810,166,22
3778,355,811,164,23
4536,841,1,1,2
4552,841,2,4,18
4541,841,3,131,7
4539,841,4,6,5
4553,841,5,205,19
4555,841,10,166,21
4542,841,13,6,8
4554,841,15,205,20
4550,841,16,10,16
4537,841,17,9,3
4538,841,18,1,4
4535,841,20,9,1
4551,841,22,3,17
4558,841,24,164,23
4545,841,30,131,11
4559,841,39,164,24
4544,841,67,5,10
4546,841,153,5,12
4543,841,155,15,9
4540,841,808,4,6
4549,841,813,3,15
4548,841,814,10,14
4547,841,815,15,13
4556,841,816,166,22
4560,842,1,1,2
4564,842,2,4,6
4567,842,3,131,9
4563,842,4,6,5
4577,842,5,205,19
4579,842,10,166,21
4565,842,13,6,7
4578,842,15,205,20
4575,842,16,10,17
4561,842,17,9,3
4562,842,18,1,4
4557,842,20,9,1
4573,842,22,3,15
4581,842,24,164,23
4569,842,30,131,11
4582,842,39,164,24
4570,842,67,5,12
4571,842,153,5,13
4568,842,155,15,10
4566,842,808,4,8
4576,842,813,3,18
4572,842,814,10,14
4574,842,815,15,16
4580,842,816,166,22
4585,843,1,1,3
4598,843,2,4,16
4586,843,3,131,4
4587,843,4,6,5
4601,843,5,205,19
4604,843,10,166,22
4588,843,13,6,6
4602,843,15,205,20
4593,843,16,10,11
4600,843,17,9,18
4584,843,18,1,2
4583,843,20,9,1
4597,843,22,3,15
4605,843,24,164,23
4596,843,30,131,14
4606,843,39,164,24
4591,843,67,5,9
4589,843,153,5,7
4595,843,155,15,13
4592,843,808,4,10
4599,843,813,3,17
4590,843,814,10,8
4594,843,815,15,12
4603,843,816,166,21
4610,844,1,1,4
4615,844,2,4,9
4609,844,3,131,3
4611,844,4,6,5
4624,844,5,205,18
4628,844,10,166,22
4616,844,13,6,10
4625,844,15,205,19
4618,844,16,10,12
4608,844,17,9,2
4612,844,18,1,6
4607,844,20,9,1
4617,844,22,3,11
4627,844,24,164,21
4614,844,30,131,8
4629,844,39,164,23
4622,844,67,5,16
4623,844,153,5,17
4613,844,808,4,7
4620,844,813,3,14
4619,844,814,10,13
4621,844,815,15,15
4626,844,816,166,20
4632,845,1,1,3
4636,845,3,131,7
4633,845,4,6,4
4644,845,5,205,15
4649,845,10,166,20
4637,845,13,6,8
4647,845,15,205,18
4646,845,16,10,17
4630,845,17,9,1
4634,845,18,1,5
4631,845,20,9,2
4648,845,22,3,19
4650,845,24,164,21
4639,845,30,131,10
4651,845,39,164,22
4640,845,67,5,11
4642,845,153,5,13
4643,845,155,15,14
4635,845,808,4,6
4638,845,813,3,9
4645,845,814,10,16
4641,845,815,15,12
4652,845,816,166,23
4659,846,1,1,7
4668,846,2,4,16
4660,846,3,131,8
4656,846,4,6,4
4670,846,5,205,18
4673,846,10,166,21
4658,846,13,6,6
4671,846,15,205,19
4667,846,16,10,15
4655,846,17,9,3
4654,846,18,1,2
4653,846,20,9,1
4664,846,22,3,12
4676,846,24,164,24
4657,846,30,131,5
4675,846,39,164,23
4669,846,67,5,17
4672,846,153,5,20
4665,846,155,15,13
4663,846,808,4,11
4661,846,813,3,9
4666,846,814,10,14
4662,846,815,15,10
4674,846,816,166,22
4681,847,1,1,5
4685,847,2,4,9
4682,847,3,131,6
4678,847,4,6,2
4696,847,5,205,20
4698,847,10,166,22
4679,847,13,6,3
4695,847,15,205,19
4690,847,16,10,14
4680,847,17,9,4
4683,847,18,1,7
4677,847,20,9,1
4692,847,22,3,16
4697,847,24,164,21
4684,847,30,131,8
4693,847,37,15,17
4699,847,39,164,23
4691,847,67,5,15
4694,847,153,5,18
4689,847,155,15,13
4686,847,808,4,10
4688,847,813,3,12
4687,847,814,10,11
4700,847,816,166,24
4703,848,1,1,3
4709,848,2,4,9
4707,848,3,131,7
4704,848,4,6,4
4719,848,5,205,19
4721,848,10,166,21
4705,848,13,6,5
4720,848,15,205,20
4710,848,16,10,10
4702,848,17,9,2
4706,848,18,1,6
4701,848,20,9,1
4713,848,22,3,13
4722,848,24,164,22
4708,848,30,131,8
4724,848,39,164,24
4717,848,67,5,17
4718,848,153,5,18
4714,848,155,15,14
4711,848,808,4,11
4715,848,813,3,15
4712,848,814,10,12
4716,848,815,15,16
4723,848,816,166,23
4734,849,1,1,10
4740,849,2,4,16
4733,849,3,131,9
4727,849,4,6,3
4741,849,5,205,17
4744,849,10,166,20
4728,849,13,6,4
4745,849,15,205,21
4735,849,16,10,11
4725,849,17,9,1
4729,849,18,1,5
4726,849,20,9,2
4739,849,22,3,15
4747,849,24,164,23
4737,849,30,131,13
4743,849,67,5,19
4742,849,153,5,18
4732,849,155,15,8
4738,849,808,4,14
4731,849,813,3,7
4730,849,814,10,6
4736,849,815,15,12
4746,849,816,166,22
4748,849,817,164,24
4750,850,1,1,2
4759,850,2,4,11
4754,850,3,131,6
4752,850,4,6,4
4767,850,5,205,19
4768,850,10,166,20
4753,850,13,6,5
4756,850,16,10,8
4749,850,17,9,1
4755,850,18,1,7
4751,850,20,9,3
4762,850,22,3,14
4771,850,24,164,23
4758,850,30,131,10
4764,850,67,5,16
4765,850,153,5,17
4766,850,155,15,18
4757,850,808,4,9
4769,850,812,205,21
4761,850,813,3,13
4760,850,814,10,12
4763,850,815,15,15
4770,850,816,166,22
4772,850,817,164,24
4774,851,1,1,2
4786,851,2,4,14
4779,851,3,131,7
4777,851,4,6,5
4791,851,5,205,19
4793,851,10,166,21
4776,851,13,6,4
4792,851,15,205,20
4780,851,16,10,8
4778,851,17,9,6
4775,851,18,1,3
4773,851,20,9,1
4787,851,22,3,15
4794,851,24,164,22
4781,851,30,131,9
4790,851,67,5,18
4788,851,153,5,16
4785,851,155,15,13
4784,851,808,4,12
4789,851,813,3,17
4783,851,814,10,11
4782,851,815,15,10
4796,851,816,166,24
4795,851,817,164,23
4798,852,1,1,2
4801,852,3,131,5
4804,852,4,6,8
4813,852,5,205,17
4816,852,10,166,20
4800,852,13,6,4
4815,852,15,205,19
4811,852,16,10,15
4799,852,17,9,3
4809,852,18,1,13
4797,852,20,9,1
4810,852,22,3,14
4818,852,24,164,22
4807,852,67,5,11
4802,852,153,5,6
4808,852,155,15,12
4806,852,808,4,10
4803,852,811,4,7
4812,852,813,3,16
4814,852,814,10,18
4805,852,815,15,9
4817,852,816,166,21
4819,852,817,164,23
5924,853,1,1,2
5931,853,3,131,9
5926,853,4,6,4
5942,853,5,205,20
5943,853,10,166,21
5928,853,13,6,6
5941,853,15,205,19
5934,853,16,10,12
5927,853,17,9,5
5925,853,18,1,3
5923,853,20,9,1
5935,853,22,3,13
5946,853,24,164,24
5930,853,30,131,8
5938,853,67,5,16
5940,853,153,5,18
5939,853,155,15,17
5929,853,808,4,7
5932,853,811,4,10
5936,853,813,3,14
5933,853,814,10,11
5937,853,815,15,15
5944,853,816,166,22
5945,853,817,164,23
4823,854,1,1,4
4826,854,3,131,7
4824,854,4,6,5
4838,854,5,205,19
4840,854,10,166,21
4825,854,13,6,6
4839,854,15,205,20
4828,854,16,10,9
4821,854,17,9,2
4822,854,18,1,3
4820,854,20,9,1
4831,854,22,3,12
4843,854,24,164,24
4827,854,30,131,8
4833,854,67,5,14
4835,854,153,5,16
4836,854,155,15,17
4837,854,808,4,18
4834,854,811,4,15
4832,854,813,3,13
4829,854,814,10,10
4830,854,815,15,11
4841,854,816,166,22
4842,854,817,164,23
4846,855,1,1,3
4866,855,3,131,23
4848,855,4,6,5
4861,855,5,205,18
4864,855,10,166,21
4847,855,13,6,4
4862,855,15,205,19
4854,855,16,10,11
4849,855,17,9,6
4845,855,18,1,2
4844,855,20,9,1
4856,855,22,3,13
4867,855,24,164,24
4851,855,30,131,7
4858,855,67,5,15
4859,855,153,5,16
4850,855,155,15,10
4853,855,808,4,9
4852,855,811,4,8
4857,855,813,3,14
4855,855,814,10,12
4860,855,815,15,17
4863,855,816,166,20
4865,855,817,164,22
4868,856,1,1,1
4874,856,3,131,7
4873,856,4,6,6
4886,856,5,205,19
4888,856,10,166,21
4872,856,13,6,5
4887,856,15,205,20
4877,856,16,10,10
4871,856,17,9,4
4870,856,18,1,3
4869,856,20,9,2
4885,856,22,3,18
4890,856,24,164,23
4879,856,30,131,12
4880,856,67,5,13
4878,856,153,5,11
4881,856,155,15,14
4875,856,808,4,8
4882,856,811,4,15
4883,856,813,3,16
4876,856,814,10,9
4884,856,815,15,17
4889,856,816,166,22
4891,856,817,164,24
4893,857,1,1,2
4898,857,3,131,7
4895,857,4,6,4
4910,857,5,205,19
4915,857,10,166,24
4897,857,13,6,6
4911,857,15,205,20
4899,857,16,10,8
4894,857,17,9,3
4896,857,18,1,5
4892,857,20,9,1
4907,857,22,3,16
4903,857,30,131,12
4913,857,39,164,22
4900,857,67,5,9
4901,857,153,5,10
4909,857,155,15,18
4902,857,808,4,11
4906,857,811,4,15
4905,857,813,3,14
4904,857,814,10,13
4908,857,815,15,17
4914,857,816,166,23
4912,857,817,164,21
4917,858,1,1,2
4922,858,3,131,7
4920,858,4,6,5
4933,858,5,205,18
4935,858,10,166,20
4921,858,13,6,6
4934,858,15,205,19
4924,858,16,10,9
4919,858,17,9,4
4918,858,18,1,3
4916,858,20,9,1
4938,858,24,164,23
4923,858,30,131,8
4928,858,67,5,13
4930,858,153,5,15
4931,858,155,15,16
4927,858,808,4,12
4929,858,811,4,14
4932,858,813,3,17
4925,858,814,10,10
4926,858,815,15,11
4937,858,816,166,22
4936,858,817,164,21
4942,859,1,1,4
4944,859,3,131,6
4943,859,4,6,5
4957,859,5,205,19
4962,859,10,166,24
4945,859,13,6,7
4958,859,15,205,20
4946,859,16,10,8
4940,859,17,9,2
4941,859,18,1,3
4939,859,20,9,1
4950,859,22,3,12
4959,859,24,164,21
4948,859,30,131,10
4952,859,67,5,14
4951,859,153,5,13
4954,859,155,15,16
4953,859,808,4,15
4947,859,811,4,9
4956,859,813,3,18
4949,859,814,10,11
4955,859,815,15,17
4961,859,816,166,23
4960,859,817,164,22
4963,860,1,1,1
4969,860,3,131,7
4974,860,4,6,12
4981,860,5,207,19
4980,860,8,208,18
4983,860,10,206,21
4978,860,13,6,16
4967,860,17,9,5
4964,860,18,1,2
4968,860,20,9,6
4966,860,30,131,4
4985,860,37,164,23
4986,860,39,164,24
4965,860,154,208,3
4975,860,155,15,13
4971,860,807,10,9
4982,860,808,207,20
4976,860,811,3,14
4970,860,813,3,8
4977,860,814,10,15
4979,860,815,15,17
4972,860,817,5,10
4973,860,818,5,11
4984,860,819,206,22
4987,861,1,1,1
4994,861,3,131,8
4995,861,4,6,9
5005,861,5,207,19
4991,861,8,208,5
5007,861,10,206,21
4998,861,13,6,12
4990,861,17,9,4
4988,861,18,1,2
4992,861,20,9,6
4989,861,30,131,3
5009,861,37,164,23
5010,861,39,164,24
4993,861,154,208,7
5003,861,155,15,17
5002,861,807,10,16
5006,861,808,207,20
4999,861,811,3,13
4997,861,813,3,11
5000,861,814,10,14
4996,861,815,15,10
5001,861,817,5,15
5004,861,818,5,18
5008,861,819,206,22
5012,862,1,1,2
5011,862,3,131,1
5019,862,4,6,9
5029,862,5,207,19
5015,862,8,208,5
5031,862,10,206,21
5022,862,13,6,12
5017,862,17,9,7
5016,862,18,1,6
5021,862,20,9,11
5013,862,30,131,3
5033,862,37,164,23
5034,862,39,164,24
5020,862,154,208,10
5014,862,155,15,4
5026,862,807,10,16
5030,862,808,207,20
5024,862,811,3,14
5023,862,813,3,13
5025,862,814,10,15
5018,862,815,15,8
5027,862,817,5,17
5028,862,818,5,18
5032,862,819,206,22
5036,863,1,1,2
5039,863,3,131,5
5043,863,4,6,9
5050,863,5,207,16
5045,863,8,208,11
5057,863,10,206,23
5048,863,13,6,14
5037,863,17,9,3
5038,863,18,1,4
5035,863,20,9,1
5052,863,30,131,18
5056,863,37,164,22
5058,863,39,164,24
5041,863,154,208,7
5046,863,155,15,12
5047,863,807,10,13
5054,863,808,207,20
5049,863,811,3,15
5051,863,813,3,17
5044,863,814,10,10
5042,863,815,15,8
5040,863,817,5,6
5053,863,818,5,19
5055,863,819,206,21
5059,864,1,1,1
5065,864,3,131,7
5061,864,4,6,3
5078,864,5,207,20
5063,864,8,208,5
5080,864,10,206,22
5075,864,13,6,17
5070,864,17,9,12
5069,864,18,1,11
5066,864,20,9,8
5067,864,30,131,9
5081,864,37,164,23
5082,864,39,164,24
5062,864,154,208,4
5068,864,155,15,10
5072,864,807,10,14
5077,864,808,207,19
5076,864,811,3,18
5060,864,813,3,2
5071,864,814,10,13
5064,864,815,15,6
5074,864,817,5,16
5073,864,818,5,15
5079,864,819,206,21
5086,865,1,1,4
5085,865,3,131,3
5088,865,4,6,6
5100,865,5,207,18
5090,865,8,208,8
5102,865,10,206,20
5089,865,13,6,7
5084,865,17,9,2
5095,865,18,1,13
5092,865,20,9,10
5083,865,30,131,1
5103,865,37,164,21
5105,865,39,164,23
5087,865,154,208,5
5094,865,155,15,12
5093,865,807,10,11
5101,865,808,207,19
5096,865,811,3,14
5091,865,813,3,9
5097,865,814,10,15
5098,865,817,5,16
5099,865,818,5,17
5104,865,819,206,22
5107,866,1,1,2
5110,866,3,131,5
5108,866,4,6,3
5123,866,5,207,18
5117,866,8,208,12
5127,866,10,206,22
5111,866,13,6,6
5109,866,17,9,4
5115,866,18,1,10
5106,866,20,9,1
5114,866,30,131,9
5126,866,37,164,21
5129,866,39,164,24
5112,866,154,208,7
5116,866,155,15,11
5118,866,807,10,13
5124,866,808,207,19
5121,866,811,3,16
5122,866,813,3,17
5113,866,814,10,8
5120,866,815,15,15
5119,866,817,5,14
5125,866,818,5,20
5128,866,819,206,23
5131,867,1,1,2
5135,867,3,131,6
5140,867,4,6,11
5145,867,5,207,16
5134,867,8,208,5
5142,867,13,6,13
5148,867,17,9,19
5138,867,18,1,9
5130,867,20,9,1
5141,867,30,131,12
5150,867,37,164,21
5151,867,39,164,22
5133,867,154,208,4
5136,867,155,15,7
5137,867,807,10,8
5149,867,808,207,20
5143,867,811,3,14
5132,867,813,3,3
5139,867,814,10,10
5144,867,815,15,15
5146,867,817,5,17
5147,867,818,5,18
5152,867,819,206,23
5160,868,1,1,8
5165,868,3,131,13
5153,868,4,6,1
5172,868,5,207,20
5158,868,8,208,6
5173,868,10,206,21
5157,868,13,6,5
5154,868,17,9,2
5170,868,18,1,18
5156,868,20,9,4
5155,868,30,131,3
5174,868,37,164,22
5175,868,39,164,23
5162,868,154,208,10
5164,868,155,15,12
5161,868,807,10,9
5171,868,808,207,19
5167,868,811,3,15
5159,868,813,3,7
5163,868,814,10,11
5169,868,815,15,17
5166,868,817,5,14
5168,868,818,5,16
5176,868,819,206,24
5184,869,1,1,8
5193,869,3,131,17
5177,869,4,6,1
5195,869,5,207,19
5186,869,8,208,10
5198,869,10,206,22
5190,869,13,6,14
5179,869,17,9,3
5183,869,18,1,7
5178,869,20,9,2
5180,869,30,131,4
5199,869,37,164,23
5200,869,39,164,24
5191,869,154,208,15
5189,869,155,15,13
5181,869,807,10,5
5196,869,808,207,20
5192,869,811,3,16
5182,869,813,3,6
5185,869,814,10,9
5188,869,815,15,12
5187,869,817,5,11
5194,869,818,5,18
5197,869,819,206,21
5201,870,1,1,1
5213,870,3,131,13
5206,870,4,6,6
5219,870,5,207,19
5205,870,8,208,5
5222,870,10,206,22
5207,870,13,6,7
5211,870,17,9,11
5204,870,18,1,4
5203,870,20,9,3
5217,870,30,131,17
5223,870,37,164,23
5224,870,39,164,24
5202,870,154,208,2
5215,870,155,15,15
5210,870,807,10,10
5220,870,808,207,20
5209,870,811,3,9
5208,870,813,3,8
5212,870,814,10,12
5214,870,815,15,14
5218,870,817,5,18
5216,870,818,5,16
5221,870,819,206,21
5232,871,1,1,8
5242,871,3,131,18
5230,871,4,6,6
5243,871,5,207,19
5228,871,8,208,4
5245,871,10,206,21
5238,871,13,6,14
5231,871,17,9,7
5225,871,18,1,1
5235,871,20,9,11
5237,871,30,131,13
5246,871,37,164,22
5248,871,39,164,24
5233,871,154,208,9
5226,871,155,15,2
5236,871,807,10,12
5244,871,808,207,20
5241,871,811,3,17
5227,871,813,3,3
5234,871,814,10,10
5229,871,815,15,5
5240,871,817,5,16
5239,871,818,5,15
5247,871,819,206,23
5249,872,1,1,1
5255,872,3,131,7
5258,872,4,6,10
5266,872,5,207,18
5256,872,8,208,8
5268,872,10,206,20
5251,872,13,6,3
5259,872,17,9,11
5250,872,18,1,2
5254,872,20,9,6
5253,872,30,131,5
5271,872,37,164,23
5270,872,39,164,22
5257,872,155,15,9
5267,872,808,207,19
5262,872,811,3,14
5260,872,813,3,12
5252,872,814,10,4
5261,872,815,15,13
5264,872,816,208,16
5263,872,817,5,15
5265,872,818,5,17
5269,872,819,206,21
5272,873,1,1,1
5281,873,3,131,10
5276,873,4,6,5
5291,873,5,207,20
5283,873,8,208,12
5292,873,10,206,21
5284,873,13,6,13
5278,873,17,9,7
5275,873,18,1,4
5274,873,20,9,3
5280,873,30,131,9
5295,873,37,164,24
5294,873,39,164,23
5279,873,154,208,8
5289,873,155,15,18
5282,873,807,10,11
5290,873,808,207,19
5288,873,811,3,17
5273,873,813,3,2
5277,873,814,10,6
5285,873,815,15,14
5286,873,817,5,15
5287,873,818,5,16
5293,873,819,206,22
5304,874,1,1,9
5310,874,3,131,15
5302,874,4,6,7
5314,874,5,207,19
5303,874,8,208,8
5315,874,10,206,20
5306,874,13,6,11
5297,874,17,9,2
5298,874,18,1,3
5296,874,20,9,1
5308,874,30,131,13
5316,874,37,164,21
5319,874,39,164,24
5300,874,154,208,5
5299,874,155,15,4
5305,874,807,10,10
5318,874,808,207,23
5313,874,811,3,18
5309,874,813,3,14
5307,874,814,10,12
5301,874,815,15,6
5311,874,817,5,16
5312,874,818,5,17
5317,874,819,206,22
5322,875,1,1,3
5328,875,3,131,9
5323,875,4,6,4
5339,875,5,207,20
5324,875,8,208,5
5341,875,10,206,22
5325,875,13,6,6
5320,875,17,9,1
5330,875,18,1,11
5321,875,20,9,2
5329,875,30,131,10
5342,875,37,164,23
5326,875,154,208,7
5332,875,155,15,13
5327,875,807,10,8
5338,875,808,207,19
5337,875,811,3,18
5334,875,813,3,15
5333,875,814,10,14
5331,875,815,15,12
5335,875,817,5,16
5336,875,818,5,17
5340,875,819,206,21
5345,876,1,1,3
5352,876,3,131,10
5347,876,4,6,5
5362,876,5,207,20
5349,876,8,208,7
5363,876,10,206,21
5348,876,13,6,6
5344,876,17,9,2
5346,876,18,1,4
5343,876,20,9,1
5356,876,30,131,14
5364,876,37,164,22
5365,876,39,164,23
5353,876,154,208,11
5359,876,155,15,17
5354,876,807,10,12
5361,876,808,207,19
5355,876,811,3,13
5351,876,813,3,9
5358,876,814,10,16
5350,876,815,15,8
5357,876,817,5,15
5360,876,818,5,18
5366,876,819,206,24
5367,877,1,1,1
5374,877,3,131,8
5373,877,4,6,7
5385,877,5,207,19
5371,877,8,208,5
5388,877,10,206,22
5375,877,13,6,9
5368,877,17,9,2
5372,877,18,1,6
5369,877,20,9,3
5380,877,30,131,14
5389,877,37,164,23
5390,877,39,164,24
5376,877,154,208,10
5382,877,155,15,16
5377,877,807,10,11
5387,877,808,207,21
5381,877,811,3,15
5370,877,813,3,4
5379,877,814,10,13
5378,877,815,15,12
5383,877,817,5,17
5384,877,818,5,18
5386,877,819,206,20
5392,878,1,1,2
5407,878,3,131,17
5399,878,4,6,9
5412,878,5,207,22
5395,878,8,208,5
5409,878,10,206,19
5397,878,13,6,7
5393,878,17,9,3
5402,878,18,1,12
5391,878,20,9,1
5396,878,30,131,6
5413,878,37,164,23
5414,878,39,164,24
5394,878,154,208,4
5406,878,155,15,16
5398,878,807,10,8
5411,878,808,207,21
5401,878,811,3,11
5400,878,813,3,10
5403,878,814,10,13
5405,878,815,15,15
5408,878,817,5,18
5404,878,818,5,14
5410,878,819,206,20
5415,879,1,1,1
5424,879,3,131,10
5422,879,4,6,8
5434,879,5,207,20
5423,879,8,208,9
5435,879,10,206,21
5419,879,13,6,5
5417,879,17,9,3
5416,879,18,1,2
5418,879,20,9,4
5428,879,30,131,14
5438,879,37,164,24
5437,879,39,164,23
5432,879,154,208,18
5429,879,155,15,15
5421,879,807,10,7
5433,879,808,207,19
5426,879,811,3,12
5420,879,813,3,6
5425,879,814,10,11
5427,879,815,15,13
5430,879,817,5,16
5431,879,818,5,17
5436,879,819,206,22
5441,880,1,131,3
5444,880,3,131,6
5443,880,4,6,5
5445,880,8,208,7
5442,880,13,6,4
5450,880,16,10,12
5440,880,17,9,2
5448,880,18,1,10
5439,880,20,9,1
5446,880,154,208,8
5449,880,807,15,11
5455,880,813,3,17
5447,880,814,10,9
5453,880,815,1,15
5452,880,817,5,14
5451,880,818,5,13
5460,880,819,207,22
5458,880,820,206,20
5456,880,821,15,18
5454,880,822,3,16
5459,880,823,207,21
5457,880,824,206,19
5464,881,1,131,4
5466,881,3,131,6
5463,881,4,6,3
5467,881,8,208,7
5462,881,13,6,2
5469,881,16,10,9
5465,881,17,9,5
5468,881,18,1,8
5461,881,20,9,1
5471,881,154,208,11
5472,881,807,15,12
5476,881,813,3,16
5475,881,814,10,15
5470,881,815,1,10
5473,881,817,5,13
5477,881,818,5,17
5480,881,819,207,20
5481,881,820,206,21
5474,881,821,15,14
5478,881,822,3,18
5482,881,823,207,22
5479,881,824,206,19
5483,882,1,131,1
5486,882,3,131,4
5485,882,4,6,3
5484,882,8,208,2
5487,882,13,6,5
5495,882,16,10,13
5496,882,17,9,14
5490,882,18,1,8
5491,882,20,9,9
5488,882,154,208,6
5492,882,807,15,10
5497,882,813,3,15
5493,882,814,10,11
5494,882,815,1,12
5489,882,817,5,7
5498,882,818,5,16
5503,882,819,207,21
5502,882,820,206,20
5500,882,821,15,18
5499,882,822,3,17
5504,882,823,207,22
5501,882,824,206,19
5508,883,1,131,4
5505,883,3,131,1
5507,883,4,6,3
5513,883,8,208,9
5510,883,13,6,6
5512,883,16,10,8
5509,883,17,9,5
5514,883,18,1,10
5506,883,20,9,2
5515,883,154,208,11
5518,883,807,15,14
5521,883,813,3,17
5511,883,814,10,7
5516,883,815,1,12
5517,883,817,5,13
5520,883,818,5,16
5523,883,819,207,19
5526,883,820,206,22
5522,883,821,15,18
5519,883,822,3,15
5525,883,823,207,21
5524,883,824,206,20
5528,884,1,131,2
5527,884,3,131,1
5531,884,4,6,5
5530,884,8,208,4
5532,884,13,6,6
5539,884,16,10,13
5534,884,17,9,8
5540,884,18,1,14
5529,884,20,9,3
5533,884,154,208,7
5541,884,807,15,15
5544,884,813,3,18
5536,884,814,10,10
5535,884,815,1,9
5537,884,817,5,11
5538,884,818,5,12
5548,884,819,207,22
5547,884,820,206,21
5542,884,821,15,16
5543,884,822,3,17
5545,884,823,207,19
5546,884,824,206,20
5550,885,1,131,2
5549,885,3,131,1
5554,885,4,6,6
5553,885,8,208,5
5570,885,13,6,22
5556,885,16,10,8
5552,885,17,9,4
5557,885,18,1,9
5551,885,20,9,3
5561,885,154,208,13
5559,885,807,15,11
5564,885,813,3,16
5565,885,814,10,17
5555,885,815,1,7
5560,885,817,5,12
5558,885,818,5,10
5566,885,819,207,18
5568,885,820,206,20
5567,885,821,15,19
5562,885,822,3,14
5563,885,823,207,15
5569,885,824,206,21
5572,886,1,131,2
5574,886,3,131,4
5576,886,4,6,6
5579,886,8,208,9
5586,886,13,6,16
5578,886,16,10,8
5575,886,17,9,5
5584,886,18,1,14
5571,886,20,9,1
5589,886,154,208,19
5581,886,807,15,11
5583,886,813,3,13
5587,886,814,10,17
5582,886,815,1,12
5580,886,817,5,10
5577,886,818,5,7
5588,886,819,207,18
5591,886,820,206,21
5585,886,821,15,15
5573,886,822,3,3
5592,886,823,207,22
5590,886,824,206,20
5593,887,1,131,1
5594,887,3,131,2
5602,887,4,6,10
5601,887,8,208,9
5604,887,13,6,12
5599,887,16,10,7
5596,887,17,9,4
5603,887,18,1,11
5595,887,20,9,3
5600,887,154,208,8
5607,887,807,15,15
5608,887,813,3,16
5597,887,814,10,5
5606,887,815,1,14
5598,887,817,5,6
5605,887,818,5,13
5611,887,819,207,19
5614,887,820,206,22
5610,887,821,15,18
5609,887,822,3,17
5613,887,823,207,21
5612,887,824,206,20
5615,888,1,131,1
5625,888,3,131,11
5622,888,4,6,8
5618,888,8,208,4
5621,888,13,6,7
5629,888,16,10,15
5617,888,17,9,3
5623,888,18,1,9
5616,888,20,9,2
5619,888,154,208,5
5624,888,807,15,10
5632,888,813,3,18
5626,888,814,10,12
5627,888,815,1,13
5620,888,817,5,6
5630,888,818,5,16
5633,888,819,207,19
5636,888,820,206,22
5628,888,821,15,14
5631,888,822,3,17
5635,888,823,207,21
5634,888,824,206,20
5637,890,1,131,1
5640,890,3,131,4
5641,890,4,6,5
5642,890,8,208,6
5643,890,13,6,7
5647,890,16,10,11
5646,890,17,9,10
5649,890,18,1,13
5638,890,20,9,2
5639,890,154,208,3
5648,890,807,15,12
5651,890,813,3,15
5654,890,814,10,18
5645,890,815,1,9
5644,890,817,5,8
5650,890,818,5,14
5655,890,819,207,19
5658,890,820,206,22
5653,890,821,15,17
5652,890,822,3,16
5656,890,823,207,20
5657,890,824,206,21
5659,891,1,131,1
5662,891,3,131,4
5667,891,4,6,9
5666,891,8,208,8
5668,891,13,6,10
5670,891,16,10,12
5661,891,17,9,3
5664,891,18,1,6
5660,891,20,9,2
5665,891,154,208,7
5669,891,807,15,11
5675,891,813,3,17
5663,891,814,10,5
5671,891,815,1,13
5677,891,817,5,19
5676,891,818,5,18
5680,891,819,207,22
5674,891,820,206,16
5679,891,821,15,21
5678,891,822,3,20
5672,891,823,207,14
5673,891,824,206,15
5692,892,1,131,12
5686,892,3,131,6
5685,892,4,6,5
5691,892,8,208,11
5684,892,13,6,4
5694,892,16,10,14
5682,892,17,9,2
5689,892,18,1,9
5681,892,20,9,1
5693,892,154,208,13
5683,892,807,15,3
5695,892,813,3,15
5696,892,814,10,16
5688,892,815,1,8
5687,892,817,5,7
5690,892,818,5,10
5700,892,819,207,20
5702,892,820,206,22
5697,892,821,15,17
5698,892,822,3,18
5699,892,823,207,19
5701,892,824,206,21
5707,893,1,131,5
5704,893,3,131,2
5709,893,4,6,7
5715,893,8,208,13
5708,893,13,6,6
5717,893,16,10,15
5706,893,17,9,4
5710,893,18,1,8
5703,893,20,9,1
5705,893,154,208,3
5713,893,807,15,11
5720,893,813,3,18
5719,893,814,10,17
5716,893,815,1,14
5711,893,817,5,9
5714,893,818,5,12
5721,893,819,207,19
5724,893,820,206,22
5712,893,821,15,10
5718,893,822,3,16
5722,893,823,207,20
5723,893,824,206,21
5726,894,1,131,2
5729,894,3,131,5
5730,894,4,6,6
5734,894,8,208,10
5731,894,13,6,7
5738,894,16,10,14
5727,894,17,9,3
5736,894,18,1,12
5725,894,20,9,1
5728,894,154,208,4
5732,894,807,15,8
5742,894,813,3,18
5739,894,814,10,15
5735,894,815,1,11
5737,894,817,5,13
5740,894,818,5,16
5743,894,819,207,19
5746,894,820,206,22
5733,894,821,15,9
5741,894,822,3,17
5744,894,823,207,20
5745,894,824,206,21
5749,895,1,131,3
5752,895,3,131,6
5754,895,4,6,8
5755,895,8,208,9
5751,895,13,6,5
5763,895,16,10,17
5747,895,17,9,1
5756,895,18,1,10
5748,895,20,9,2
5750,895,154,208,4
5753,895,807,15,7
5761,895,813,3,15
5758,895,814,10,12
5757,895,815,1,11
5762,895,817,5,16
5764,895,818,5,18
5766,895,819,207,20
5765,895,820,206,19
5760,895,821,15,14
5759,895,822,3,13
5767,895,823,207,21
5768,895,824,206,22
5771,896,1,131,3
5770,896,3,131,2
5776,896,4,6,8
5774,896,8,208,6
5773,896,13,6,5
5781,896,16,10,13
5772,896,17,9,4
5778,896,18,1,10
5769,896,20,9,1
5785,896,154,208,17
5775,896,807,15,7
5786,896,813,3,18
5780,896,814,10,12
5777,896,815,1,9
5779,896,817,5,11
5782,896,818,5,14
5789,896,819,207,21
5790,896,820,206,22
5784,896,821,15,16
5783,896,822,3,15
5788,896,823,207,20
5787,896,824,206,19
5794,897,1,131,4
5793,897,3,131,3
5801,897,4,6,11
5795,897,8,208,5
5798,897,13,6,8
5808,897,16,10,18
5791,897,17,9,1
5803,897,18,1,13
5792,897,20,9,2
5797,897,154,208,7
5796,897,807,15,6
5805,897,813,3,15
5802,897,814,10,12
5799,897,815,1,9
5800,897,817,5,10
5804,897,818,5,14
5811,897,819,207,21
5812,897,820,206,22
5807,897,821,15,17
5806,897,822,3,16
5809,897,823,207,19
5810,897,824,206,20
5817,898,1,131,5
5826,898,3,131,14
5818,898,4,6,6
5820,898,5,208,8
5827,898,13,6,15
5829,898,16,10,17
5814,898,17,9,2
5825,898,18,1,13
5813,898,20,9,1
5815,898,154,208,3
5816,898,807,15,4
5830,898,813,3,18
5824,898,814,10,12
5819,898,815,1,7
5823,898,817,5,11
5828,898,818,5,16
5833,898,819,207,21
5834,898,820,206,22
5822,898,821,15,10
5821,898,822,3,9
5831,898,823,207,19
5832,898,824,206,20
5839,899,1,131,5
5836,899,3,131,2
5837,899,4,6,3
5845,899,5,208,11
5843,899,13,6,9
5850,899,16,10,16
5838,899,17,9,4
5849,899,18,1,15
5835,899,20,9,1
5840,899,154,208,6
5844,899,807,15,10
5851,899,813,3,17
5846,899,814,10,12
5848,899,815,1,14
5841,899,817,5,7
5842,899,818,5,8
5853,899,819,207,19
5856,899,820,206,22
5852,899,821,15,18
5847,899,822,3,13
5854,899,823,207,20
5855,899,824,206,21
5857,900,1,131,1
5859,900,3,131,3
5861,900,4,6,5
5868,900,8,6,12
5865,900,13,3,9
5870,900,16,15,14
5867,900,18,1,11
5869,900,20,9,13
5877,900,154,208,21
5871,900,155,207,15
5863,900,807,10,7
5878,900,813,208,22
5872,900,815,10,16
5858,900,817,9,2
5862,900,818,5,6
5873,900,820,206,17
5875,900,821,15,19
5866,900,822,3,10
5874,900,824,206,18
5860,900,825,1,4
5864,900,826,5,8
5876,900,828,207,20
5879,901,1,131,1
5881,901,3,131,3
5882,901,4,6,4
5884,901,8,6,6
5891,901,13,3,13
5896,901,16,15,18
5888,901,18,1,10
5880,901,20,9,2
5894,901,154,208,16
5898,901,155,207,20
5885,901,807,10,7
5895,901,813,208,17
5892,901,815,10,14
5883,901,817,9,5
5887,901,818,5,9
5899,901,820,206,21
5890,901,821,15,12
5893,901,822,3,15
5897,901,824,206,19
5886,901,825,1,8
5889,901,826,5,11
5900,901,828,207,22
5902,902,1,131,2
5901,902,3,131,1
5910,902,4,6,10
5906,902,8,6,6
5908,902,13,3,8
5918,902,16,15,18
5907,902,18,1,7
5911,902,20,9,11
5916,902,154,208,16
5919,902,155,207,19
5912,902,807,10,12
5917,902,813,208,17
5905,902,815,10,5
5903,902,817,9,3
5914,902,818,5,14
5922,902,820,206,22
5915,902,821,15,15
5904,902,822,3,4
5920,902,824,206,20
5909,902,825,1,9
5913,902,826,5,13
5921,902,828,207,21
5947,903,1,131,1
5950,903,3,131,4
5951,903,4,6,5
5957,903,8,6,11
5952,903,13,3,6
5960,903,16,15,14
5958,903,18,1,12
5949,903,20,9,3
5956,903,154,208,10
5964,903,155,207,18
5954,903,807,10,8
5968,903,813,208,22
5962,903,815,10,16
5948,903,817,9,2
5955,903,818,5,9
5967,903,820,206,21
5963,903,821,15,17
5953,903,822,3,7
5965,903,824,206,19
5961,903,825,1,15
5959,903,826,5,13
5966,903,828,207,20
5969,904,1,131,1
5970,904,3,131,2
5975,904,4,6,7
5974,904,8,6,6
5977,904,13,3,9
5985,904,16,15,17
5976,904,18,1,8
5978,904,20,9,10
5973,904,154,208,5
5989,904,155,207,21
5979,904,807,10,11
5990,904,813,208,22
5980,904,815,10,12
5971,904,817,9,3
5984,904,818,5,16
5986,904,820,206,18
5982,904,821,15,14
5972,904,822,3,4
5987,904,824,206,19
5983,904,825,1,15
5981,904,826,5,13
5988,904,828,207,20
5992,905,1,131,2
5991,905,3,131,1
5995,905,4,6,5
5996,905,8,6,6
6006,905,13,3,16
6008,905,16,15,18
6002,905,18,1,12
5994,905,20,9,4
6004,905,154,208,14
6011,905,155,207,21
6001,905,807,10,11
6005,905,813,208,15
6000,905,815,10,10
5993,905,817,9,3
5997,905,818,5,7
6010,905,820,206,20
6007,905,821,15,17
6003,905,822,3,13
6009,905,824,206,19
5998,905,825,1,8
5999,905,826,5,9
6012,905,828,207,22
6014,906,1,131,2
6013,906,3,131,1
6019,906,4,6,7
6022,906,8,6,10
6017,906,13,3,5
6028,906,16,15,16
6021,906,18,1,9
6015,906,20,9,3
6026,906,154,208,14
6032,906,155,207,20
6023,906,807,10,11
6029,906,813,208,17
6025,906,815,10,13
6018,906,817,9,6
6020,906,818,5,8
6030,906,820,206,18
6034,906,821,15,22
6016,906,822,3,4
6031,906,824,206,19
6024,906,825,1,12
6027,906,826,5,15
6033,906,828,207,21
6043,907,1,131,9
6037,907,3,131,3
6038,907,4,6,4
6042,907,8,6,8
6035,907,13,3,1
6051,907,16,15,17
6046,907,18,1,12
6047,907,20,9,13
6050,907,154,208,16
6054,907,155,207,20
6044,907,807,10,10
6048,907,813,208,14
6045,907,815,10,11
6039,907,817,9,5
6049,907,818,5,15
6055,907,820,206,21
6052,907,821,15,18
6036,907,822,3,2
6053,907,824,206,19
6040,907,825,1,6
6041,907,826,5,7
6056,907,828,207,22
6062,908,1,131,6
6057,908,3,131,1
6075,908,4,6,19
6076,908,8,6,20
6074,908,13,3,18
6072,908,16,15,16
6059,908,18,1,3
6058,908,20,9,2
6067,908,154,208,11
6078,908,155,207,22
6060,908,807,10,4
6071,908,813,208,15
6063,908,815,10,7
6064,908,817,9,8
6066,908,818,5,10
6069,908,820,206,13
6070,908,821,15,14
6073,908,822,3,17
6068,908,824,206,12
6061,908,825,1,5
6065,908,826,5,9
6077,908,828,207,21
6094,909,1,131,16
6079,909,3,131,1
6085,909,4,6,7
6090,909,8,6,12
6081,909,13,3,3
6095,909,16,15,17
6089,909,18,1,11
6084,909,20,9,6
6093,909,154,208,15
6098,909,155,207,20
6087,909,807,10,9
6097,909,813,208,19
6088,909,815,10,10
6083,909,817,9,5
6091,909,818,5,13
6099,909,820,206,21
6092,909,821,15,14
6080,909,822,3,2
6096,909,824,206,18
6082,909,825,1,4
6086,909,826,5,8
6100,909,828,207,22
6121,910,1,131,21
6101,910,3,131,1
6105,910,4,6,5
6117,910,8,6,17
6106,910,13,3,6
6112,910,16,15,12
6107,910,18,1,7
6102,910,20,9,2
6115,910,154,208,15
6118,910,155,207,18
6109,910,807,10,9
6122,910,813,208,22
6113,910,815,10,13
6104,910,817,9,4
6108,910,818,5,8
6119,910,820,206,19
6114,910,821,15,14
6103,910,822,3,3
6116,910,824,206,16
6110,910,825,1,10
6111,910,826,5,11
6120,910,828,207,20
6124,911,1,131,2
6123,911,3,131,1
6126,911,4,6,4
6130,911,8,6,8
6131,911,13,3,9
6136,911,16,15,14
6132,911,18,1,10
6125,911,20,9,3
6137,911,154,208,15
6140,911,807,10,18
6139,911,813,208,17
6135,911,815,10,13
6127,911,817,9,5
6134,911,818,5,12
6141,911,820,206,19
6142,911,821,15,20
6128,911,822,3,6
6138,911,824,206,16
6129,911,825,1,7
6133,911,826,5,11
6143,911,827,207,21
6144,911,828,207,22
6145,912,1,131,1
6146,912,3,131,2
6151,912,4,6,7
6156,912,8,6,12
6148,912,13,3,4
6159,912,16,15,15
6150,912,18,1,6
6152,912,20,9,8
6162,912,154,208,18
6163,912,155,207,19
6158,912,807,10,14
6161,912,813,208,17
6154,912,815,10,10
6153,912,817,9,9
6157,912,818,5,13
6165,912,820,206,21
6160,912,821,15,16
6147,912,822,3,3
6164,912,824,206,20
6149,912,825,1,5
6155,912,826,5,11
6166,912,828,207,22
6167,913,1,131,1
6168,913,3,131,2
6171,913,4,6,5
6173,913,8,6,7
6172,913,13,3,6
6183,913,16,15,17
6177,913,18,1,11
6170,913,20,9,4
6182,913,154,208,16
6186,913,155,207,20
6179,913,807,10,13
6184,913,813,208,18
6181,913,815,10,15
6169,913,817,9,3
6178,913,818,5,12
6187,913,820,206,21
6180,913,821,15,14
6174,913,822,3,8
6185,913,824,206,19
6175,913,825,1,9
6176,913,826,5,10
6188,913,828,207,22
6190,914,1,131,2
6189,914,3,131,1
6193,914,4,6,5
6198,914,8,6,10
6192,914,13,3,4
6203,914,16,15,15
6196,914,18,1,8
6197,914,20,9,9
6206,914,154,208,18
6209,914,155,207,21
6202,914,807,10,14
6205,914,813,208,17
6200,914,815,10,12
6194,914,817,9,6
6199,914,818,5,11
6210,914,820,206,22
6204,914,821,15,16
6191,914,822,3,3
6208,914,824,206,20
6195,914,825,1,7
6201,914,826,5,13
6207,914,828,207,19
6211,915,1,131,1
6212,915,3,131,2
6218,915,4,6,8
6219,915,8,6,9
6228,915,13,3,18
6225,915,16,15,15
6214,915,18,1,4
6221,915,20,9,11
6226,915,154,208,16
6229,915,155,207,19
6222,915,807,10,12
6230,915,813,208,20
6223,915,815,10,13
6217,915,817,9,7
6220,915,818,5,10
6231,915,820,206,21
6224,915,821,15,14
6213,915,822,3,3
6216,915,825,1,6
6215,915,826,5,5
6227,915,828,207,17
6233,916,1,131,2
6232,916,3,131,1
6237,916,4,6,6
6240,916,8,6,9
6235,916,13,3,4
6241,916,16,15,10
6238,916,18,1,7
6248,916,20,9,17
6249,916,154,208,18
6244,916,807,10,13
6242,916,813,208,11
6243,916,815,10,12
6236,916,817,9,5
6246,916,818,5,15
6247,916,821,15,16
6234,916,822,3,3
6239,916,825,1,8
6245,916,826,5,14
6251,917,1,131,2
6250,917,3,131,1
6257,917,4,6,8
6259,917,8,6,10
6252,917,13,3,3
6262,917,16,15,13
6254,917,18,1,5
6255,917,20,9,6
6264,917,154,208,15
6261,917,807,10,12
6267,917,813,208,18
6266,917,815,10,17
6258,917,817,9,9
6265,917,818,5,16
6260,917,821,15,11
6253,917,822,3,4
6256,917,825,1,7
6263,917,826,5,14
6281,918,1,131,2
6282,918,3,131,1
6275,918,4,6,8
6276,918,8,6,7
6279,918,13,3,4
6270,918,16,15,13
6277,918,18,1,6
6269,918,154,208,14
6284,918,155,207,17
6271,918,807,10,12
6283,918,813,208,16
6272,918,815,10,11
6273,918,818,5,10
6268,918,821,15,15
6280,918,822,3,3
6274,918,825,1,9
6278,918,826,5,5
6285,918,829,207,18
6286,926,1,131,1
6287,926,3,131,2
6290,926,8,6,5
6288,926,13,3,3
6302,926,18,1,17
6289,926,20,6,4
6294,926,154,208,9
6299,926,807,10,14
6295,926,813,208,10
6300,926,815,10,15
6292,926,817,9,7
6291,926,822,3,6
6303,926,825,1,18
6298,926,826,9,13
6301,926,828,15,16
6297,926,830,5,12
6296,926,831,15,11
6293,926,832,5,8
6304,927,1,131,1
6306,927,3,131,3
6321,927,4,1,18
6314,927,8,6,11
6310,927,13,3,7
6320,927,18,1,17
6305,927,20,6,2
6311,927,154,208,8
6316,927,807,10,13
6315,927,813,208,12
6317,927,815,10,14
6307,927,817,9,4
6312,927,822,3,9
6308,927,826,9,5
6313,927,828,15,10
6309,927,830,5,6
6319,927,831,15,16
6318,927,832,5,15
6322,927,833,209,19
6323,928,1,131,1
6324,928,3,131,2
6340,928,4,1,18
6328,928,8,6,6
6326,928,13,3,4
6339,928,18,1,17
6325,928,20,6,3
6330,928,154,208,8
6338,928,807,10,16
6333,928,813,208,11
6337,928,815,10,15
6329,928,817,9,7
6327,928,822,3,5
6334,928,826,9,12
6332,928,828,15,10
6341,928,829,209,19
6335,928,830,5,13
6331,928,831,15,9
6336,928,832,5,14
6342,928,833,209,20
6343,929,1,131,1
6345,929,3,131,3
6356,929,4,1,14
6346,929,8,6,4
6348,929,13,3,6
6344,929,20,6,2
6352,929,154,208,10
6350,929,807,10,8
6358,929,813,208,16
6353,929,815,10,11
6349,929,817,9,7
6347,929,822,3,5
6359,929,826,9,17
6355,929,828,15,13
6360,929,829,209,18
6357,929,830,5,15
6354,929,831,15,12
6351,929,832,5,9
6361,929,833,209,19
6363,930,1,131,2
6362,930,3,131,1
6374,930,4,1,13
6368,930,8,6,7
6370,930,13,3,9
6375,930,18,1,14
6364,930,20,6,3
6372,930,154,208,11
6378,930,807,10,17
6373,930,813,208,12
6379,930,815,10,18
6371,930,817,9,10
6365,930,822,3,4
6369,930,826,9,8
6377,930,828,15,16
6380,930,829,209,19
6367,930,830,5,6
6376,930,831,15,15
6366,930,832,5,5
6381,930,833,209,20
6382,931,1,131,1
6383,931,3,131,2
6396,931,4,1,15
6387,931,8,6,6
6395,931,13,3,14
6393,931,18,1,12
6384,931,20,6,3
6392,931,154,208,11
6394,931,807,10,13
6390,931,813,208,9
6388,931,815,10,7
6385,931,817,9,4
6398,931,822,3,17
6386,931,826,9,5
6399,931,828,15,18
6400,931,829,209,19
6391,931,830,5,10
6397,931,831,15,16
6389,931,832,5,8
6401,931,833,209,20
6402,932,1,131,1
6403,932,3,131,2
6415,932,4,1,14
6404,932,8,6,3
6418,932,13,3,17
6417,932,20,6,16
6406,932,154,208,5
6408,932,807,10,7
6407,932,813,208,6
6411,932,815,10,10
6410,932,817,9,9
6405,932,822,3,4
6409,932,826,9,8
6414,932,828,15,13
6420,932,829,209,19
6413,932,830,5,12
6416,932,831,15,15
6412,932,832,5,11
6419,932,833,209,18
6421,933,1,131,1
6422,933,3,131,2
6435,933,4,1,15
6438,933,8,6,18
6424,933,13,3,4
6437,933,18,1,17
6423,933,20,6,3
6430,933,154,208,10
6425,933,807,10,5
6431,933,813,208,11
6436,933,815,10,16
6434,933,817,9,14
6426,933,822,3,6
6428,933,826,9,8
6432,933,828,15,12
6440,933,829,209,20
6427,933,830,5,7
6429,933,831,15,9
6433,933,832,5,13
6439,933,833,209,19
6441,934,1,131,1
6442,934,3,131,2
6457,934,4,1,17
6445,934,8,6,5
6443,934,13,3,3
6458,934,18,1,18
6446,934,20,6,6
6452,934,154,208,12
6449,934,807,10,9
6454,934,813,208,14
6451,934,815,10,11
6450,934,817,9,10
6444,934,822,3,4
6447,934,826,9,7
6455,934,828,15,15
6459,934,829,209,19
6453,934,830,5,13
6456,934,831,15,16
6448,934,832,5,8
6460,934,833,209,20
6461,936,1,131,1
6462,936,3,131,2
6475,936,4,1,15
6465,936,8,6,5
6468,936,13,3,8
6476,936,18,1,16
6463,936,20,6,3
6470,936,154,208,10
6471,936,807,10,11
6474,936,813,208,14
6473,936,815,10,13
6464,936,817,9,4
6466,936,822,3,6
6467,936,826,9,7
6477,936,828,15,17
6480,936,829,209,20
6469,936,830,5,9
6478,936,831,15,18
6472,936,832,5,12
6479,936,833,209,19
6481,937,1,131,1
6482,937,3,131,2
6498,937,4,1,18
6494,937,8,6,14
6487,937,13,3,7
6497,937,18,1,17
6489,937,20,6,9
6484,937,154,208,4
6491,937,807,10,11
6488,937,813,208,8
6485,937,815,10,5
6486,937,817,9,6
6483,937,822,3,3
6492,937,826,9,12
6493,937,828,15,13
6499,937,829,206,19
6495,937,830,5,15
6496,937,831,15,16
6490,937,832,5,10
6500,937,833,206,20
6501,938,1,131,1
6504,938,3,131,4
6517,938,4,1,17
6502,938,8,6,2
6505,938,13,3,5
6516,938,18,1,16
6503,938,20,6,3
6508,938,154,208,8
6509,938,807,10,9
6511,938,813,208,11
6507,938,815,10,7
6515,938,817,9,15
6506,938,822,3,6
6514,938,826,9,14
6510,938,828,15,10
6518,938,829,209,18
6520,938,830,5,20
6512,938,831,15,12
6513,938,832,5,13
6519,938,833,209,19
6525,939,1,131,5
6526,939,3,131,6
6532,939,4,1,12
6523,939,8,6,3
6529,939,13,3,9
6535,939,18,1,15
6521,939,20,6,1
6530,939,154,208,10
6531,939,807,10,11
6538,939,813,208,18
6533,939,815,10,13
6522,939,817,9,2
6527,939,822,3,7
6524,939,826,9,4
6537,939,828,15,17
6539,939,829,209,19
6528,939,830,5,8
6536,939,831,15,16
6534,939,832,5,14
6540,939,834,209,20
6542,940,1,131,2
6541,940,3,131,1
6554,940,4,1,14
6546,940,8,6,6
6545,940,13,3,5
6556,940,18,1,16
6544,940,20,6,4
6548,940,154,208,8
6551,940,807,10,11
6553,940,813,208,13
6549,940,815,10,9
6547,940,817,9,7
6543,940,822,3,3
6550,940,826,9,10
6557,940,828,15,17
6559,940,829,209,19
6555,940,830,5,15
6558,940,831,15,18
6552,940,832,5,12
6560,940,834,209,20
6562,941,1,131,2
6561,941,3,131,1
6576,941,4,1,16
6565,941,8,6,5
6575,941,13,3,15
6573,941,18,1,13
6564,941,20,6,4
6568,941,154,208,8
6566,941,807,10,6
6574,941,813,208,14
6567,941,815,10,7
6570,941,817,9,10
6563,941,822,3,3
6571,941,826,9,11
6577,941,828,15,17
6578,941,829,206,18
6569,941,830,5,9
6572,941,831,15,12
6579,941,833,206,19
6581,942,1,131,2
6580,942,3,131,1
6590,942,4,1,11
6587,942,8,6,8
6588,942,13,3,9
6593,942,18,1,14
6584,942,20,6,5
6592,942,154,208,13
6586,942,807,10,7
6594,942,813,208,15
6585,942,815,10,6
6582,942,817,9,3
6591,942,822,3,12
6583,942,826,9,4
6595,942,828,15,16
6598,942,829,206,19
6589,942,830,5,10
6596,942,831,15,17
6599,942,832,5,20
6597,942,834,206,18
6601,943,1,131,2
6600,943,3,131,1
6615,943,4,1,16
6614,943,8,6,15
6606,943,13,3,7
6619,943,18,1,20
6602,943,20,6,3
6611,943,154,208,12
6609,943,807,10,10
6612,943,813,208,13
6608,943,815,10,9
6604,943,817,9,5
6605,943,822,3,6
6603,943,826,9,4
6613,943,828,15,14
6618,943,829,206,19
6607,943,830,5,8
6616,943,831,15,17
6610,943,832,5,11
6617,943,834,206,18
6621,944,1,131,2
6620,944,3,131,1
6639,944,4,1,20
6624,944,8,6,5
6627,944,13,3,8
6636,944,18,1,17
6622,944,20,6,3
6634,944,154,208,15
6625,944,807,10,6
6635,944,813,208,16
6632,944,815,10,13
6628,944,817,9,9
6623,944,822,3,4
6626,944,826,9,7
6633,944,828,15,14
6638,944,829,206,19
6629,944,830,5,10
6630,944,831,15,11
6631,944,832,5,12
6637,944,834,206,18
6641,945,1,131,2
6640,945,3,131,1
6656,945,4,1,17
6642,945,8,6,3
6647,945,13,3,8
6651,945,18,1,12
6655,945,20,6,16
6654,945,154,208,15
6646,945,807,10,7
6652,945,813,208,13
6643,945,815,10,4
6644,945,817,9,5
6645,945,822,3,6
6648,945,826,9,9
6657,945,828,15,18
6658,945,829,209,19
6650,945,830,5,11
6653,945,831,15,14
6649,945,832,5,10
6659,945,833,209,20
6660,948,1,131,1
6661,948,3,131,2
6671,948,4,1,12
6663,948,8,6,4
6665,948,13,3,6
6672,948,18,1,13
6662,948,20,6,3
6678,948,154,210,19
6669,948,807,10,10
6668,948,815,10,9
6667,948,817,9,8
6679,948,821,210,20
6670,948,822,3,11
6674,948,825,4,15
6677,948,826,9,18
6675,948,828,15,16
6664,948,830,5,5
6676,948,831,15,17
6666,948,832,5,7
6673,948,835,4,14
6681,948,836,209,22
6680,948,837,209,21
6682,949,1,131,1
6683,949,3,131,2
6685,949,8,6,4
6688,949,13,3,7
6695,949,18,1,14
6684,949,20,6,3
6690,949,154,210,9
6689,949,807,10,8
6699,949,815,10,18
6686,949,817,9,5
6694,949,821,210,13
6687,949,822,3,6
6700,949,825,4,19
6696,949,826,9,15
6698,949,828,15,17
6691,949,830,5,10
6703,949,831,15,22
6692,949,832,5,11
6701,949,835,4,20
6697,949,836,209,16
6702,949,837,209,21
6693,949,838,1,12
6725,950,1,131,22
6704,950,3,131,1
6715,950,4,1,12
6706,950,8,6,3
6714,950,13,3,11
6716,950,18,1,13
6707,950,20,6,4
6717,950,154,210,14
6713,950,807,10,10
6710,950,815,10,7
6705,950,817,9,2
6721,950,821,210,18
6708,950,822,3,5
6720,950,825,4,17
6709,950,826,9,6
6718,950,828,15,15
6712,950,830,5,9
6719,950,831,15,16
6711,950,832,5,8
6722,950,835,4,19
6724,950,836,209,21
6723,950,837,209,20
6735,951,1,131,10
6726,951,3,131,1
6739,951,4,1,14
6729,951,8,6,4
6730,951,13,3,5
6737,951,18,1,12
6727,951,20,6,2
6740,951,154,210,15
6738,951,807,10,13
6732,951,815,10,7
6731,951,817,9,6
6741,951,821,210,16
6728,951,822,3,3
6742,951,825,4,17
6733,951,826,9,8
6747,951,828,15,22
6734,951,830,5,9
6744,951,831,15,19
6736,951,832,5,11
6743,951,835,4,18
6745,951,836,209,20
6746,951,837,209,21
6748,952,1,131,1
6749,952,3,131,2
6757,952,4,1,10
6752,952,8,6,5
6765,952,13,3,18
6759,952,18,1,12
6753,952,20,6,6
6761,952,154,210,14
6758,952,807,10,11
6756,952,815,10,9
6750,952,817,9,3
6763,952,821,210,16
6754,952,822,3,7
6762,952,825,4,15
6760,952,826,5,13
6766,952,828,15,19
6751,952,830,9,4
6767,952,831,15,20
6755,952,832,5,8
6764,952,835,4,17
6768,952,836,209,21
6769,952,837,209,22
6772,953,1,131,3
6771,953,3,131,2
6779,953,4,1,10
6775,953,8,6,6
6783,953,13,3,14
6782,953,18,1,13
6773,953,20,6,4
6784,953,154,210,15
6774,953,807,10,5
6777,953,815,10,8
6770,953,817,9,1
6781,953,821,210,12
6780,953,822,3,11
6785,953,825,4,16
6778,953,826,5,9
6786,953,828,15,17
6790,953,830,9,21
6791,953,831,15,22
6776,953,832,5,7
6787,953,835,4,18
6789,953,836,209,20
6788,953,837,209,19
6792,954,1,131,1
6793,954,3,131,2
6801,954,4,1,10
6797,954,8,6,6
6799,954,13,3,8
6803,954,18,1,12
6794,954,20,6,3
6806,954,154,210,15
6800,954,807,10,9
6802,954,815,10,11
6795,954,817,9,4
6805,954,821,210,14
6798,954,822,3,7
6804,954,826,5,13
6810,954,828,15,19
6796,954,830,9,5
6811,954,831,15,20
6807,954,832,5,16
6808,954,835,4,17
6809,954,836,209,18
6812,954,837,209,21
6822,955,1,131,10
6813,955,3,131,1
6826,955,4,1,14
6817,955,8,6,5
6818,955,13,3,6
6831,955,18,1,19
6816,955,20,6,4
6823,955,154,210,11
6824,955,807,10,12
6814,955,815,10,2
6815,955,817,9,3
6827,955,821,210,15
6820,955,822,3,8
6833,955,825,4,21
6819,955,826,5,7
6832,955,828,15,20
6821,955,830,9,9
6828,955,831,15,16
6825,955,832,5,13
6834,955,835,4,22
6830,955,836,209,18
6829,955,837,209,17
6835,956,1,131,1
6836,956,3,131,2
6848,956,4,1,14
6840,956,8,6,6
6844,956,13,3,10
6839,956,18,1,5
6838,956,20,6,4
6847,956,154,210,13
6837,956,807,10,3
6850,956,815,10,16
6841,956,817,9,7
6845,956,821,210,11
6842,956,822,3,8
6851,956,825,4,17
6854,956,826,5,20
6855,956,828,15,21
6843,956,830,9,9
6856,956,831,15,22
6849,956,832,5,15
6852,956,835,4,18
6846,956,836,209,12
6853,956,837,209,19
6857,957,1,131,1
6858,957,3,131,2
6866,957,4,1,10
6861,957,8,6,5
6868,957,13,3,12
6873,957,18,1,17
6862,957,20,6,6
6869,957,154,210,13
6865,957,807,10,9
6867,957,815,10,11
6860,957,817,9,4
6870,957,821,210,14
6863,957,822,3,7
6872,957,825,4,16
6871,957,826,5,15
6859,957,830,9,3
6877,957,831,15,21
6864,957,832,5,8
6874,957,835,4,18
6876,957,836,209,20
6875,957,837,209,19
6879,958,1,131,2
6878,958,3,131,1
6884,958,4,1,7
6891,958,8,6,14
6895,958,13,3,18
6885,958,18,1,8
6882,958,20,6,5
6888,958,154,210,11
6886,958,807,10,9
6890,958,815,10,13
6880,958,817,9,3
6892,958,821,210,15
6887,958,822,3,10
6896,958,825,4,19
6889,958,826,5,12
6897,958,828,15,20
6881,958,830,9,4
6893,958,831,15,16
6883,958,832,5,6
6894,958,835,4,17
6898,958,836,209,21
6899,958,837,209,22
6901,959,1,131,2
6900,959,3,131,1
6913,959,4,1,14
6904,959,8,6,5
6909,959,13,3,10
6911,959,18,1,12
6905,959,20,6,6
6914,959,154,210,15
6906,959,807,10,7
6908,959,815,10,9
6902,959,817,9,3
6910,959,821,210,11
6907,959,822,3,8
6916,959,825,4,17
6918,959,826,5,19
6921,959,828,15,22
6903,959,830,9,4
6920,959,831,15,21
6912,959,832,5,13
6915,959,835,4,16
6917,959,836,209,18
6919,959,837,209,20
6942,960,1,131,21
6922,960,3,131,1
6924,960,8,6,3
6931,960,13,3,10
6930,960,18,1,9
6925,960,20,6,4
6932,960,154,210,11
6928,960,807,10,7
6927,960,815,10,6
6926,960,817,9,5
6934,960,821,210,13
6929,960,822,3,8
6933,960,825,4,12
6940,960,826,5,19
6941,960,828,15,20
6923,960,830,9,2
6938,960,831,15,17
6936,960,832,5,15
6935,960,835,4,14
6937,960,836,209,16
6939,960,839,209,18
6943,961,1,131,1
6944,961,3,131,2
6955,961,4,1,13
6946,961,8,6,4
6953,961,13,3,11
6957,961,18,1,15
6945,961,20,6,3
6954,961,154,210,12
6951,961,807,10,9
6950,961,815,10,8
6948,961,817,9,6
6952,961,821,210,10
6947,961,822,3,5
6963,961,825,4,21
6959,961,826,5,17
6961,961,828,15,19
6949,961,830,9,7
6960,961,831,15,18
6958,961,832,5,16
6962,961,835,4,20
6956,961,836,209,14
6966,962,1,131,3
6964,962,3,131,1
6972,962,4,1,9
6968,962,8,6,5
6975,962,13,3,12
6976,962,18,1,13
6985,962,20,6,22
6978,962,154,210,15
6971,962,807,10,8
6973,962,815,10,10
6965,962,817,9,2
6977,962,821,210,14
6974,962,822,3,11
6980,962,825,4,17
6970,962,826,5,7
6979,962,828,15,16
6967,962,830,9,4
6981,962,831,15,18
6969,962,832,5,6
6982,962,835,4,19
6983,962,836,209,20
6984,962,839,209,21
6986,963,1,131,1
6987,963,3,131,2
7007,963,4,1,22
6991,963,8,6,6
6995,963,13,3,10
6994,963,18,1,9
6990,963,20,6,5
6997,963,154,210,12
6993,963,807,10,8
6992,963,815,10,7
6989,963,817,9,4
6998,963,821,210,13
6996,963,822,3,11
6999,963,825,4,14
7000,963,826,5,15
7002,963,828,15,17
6988,963,830,9,3
7003,963,831,15,18
7001,963,832,5,16
7004,963,835,4,19
7006,963,836,209,21
7005,963,839,209,20
7009,964,1,131,2
7008,964,3,131,1
7022,964,4,1,15
7010,964,8,6,3
7019,964,13,3,12
7024,964,18,1,17
7011,964,20,6,4
7015,964,154,210,8
7016,964,807,10,9
7014,964,815,10,7
7013,964,817,9,6
7017,964,821,210,10
7018,964,822,3,11
7025,964,825,4,18
7020,964,826,5,13
7026,964,828,15,19
7012,964,830,9,5
7027,964,831,15,20
7021,964,832,5,14
7023,964,835,4,16
7029,964,836,209,22
7028,964,839,209,21
7030,965,1,131,1
7031,965,3,131,2
7041,965,4,1,12
7034,965,8,6,5
7038,965,13,3,9
7048,965,18,1,19
7035,965,20,6,6
7046,965,154,210,17
7036,965,807,10,7
7040,965,815,10,11
7032,965,817,9,3
7043,965,821,210,14
7037,965,822,3,8
7047,965,825,4,18
7042,965,826,5,13
7045,965,828,15,16
7033,965,830,9,4
7050,965,831,15,21
7039,965,832,5,10
7044,965,835,4,15
7049,965,836,209,20
7051,965,839,209,22
7052,966,1,131,1
7053,966,3,131,2
7062,966,4,1,11
7057,966,8,6,6
7060,966,13,3,9
7064,966,18,1,13
7058,966,20,6,7
7072,966,154,210,21
7056,966,807,10,5
7063,966,815,10,12
7055,966,817,9,4
7068,966,821,210,17
7059,966,822,3,8
7065,966,825,4,14
7069,966,826,5,18
7066,966,828,15,15
7054,966,830,9,3
7070,966,831,15,19
7061,966,832,5,10
7067,966,836,209,16
7071,966,839,209,20
7073,967,1,131,1
7074,967,3,131,2
7082,967,4,1,10
7075,967,8,6,3
7085,967,13,3,13
7089,967,18,1,17
7077,967,20,6,5
7079,967,154,210,7
7080,967,807,10,8
7081,967,815,10,9
7078,967,817,9,6
7084,967,821,210,12
7083,967,822,3,11
7090,967,825,4,18
7086,967,826,5,14
7093,967,828,15,21
7076,967,830,9,4
7094,967,831,15,22
7087,967,832,5,15
7088,967,835,4,16
7091,967,836,209,19
7092,967,839,209,20
7095,968,1,131,1
7096,968,3,131,2
7103,968,4,1,9
7098,968,8,6,4
7104,968,13,3,10
7106,968,18,1,12
7099,968,20,6,5
7108,968,154,210,14
7101,968,807,10,7
7102,968,815,10,8
7097,968,817,9,3
7107,968,821,210,13
7105,968,822,3,11
7112,968,825,4,18
7111,968,826,5,17
7116,968,828,15,22
7100,968,830,9,6
7113,968,831,15,19
7115,968,832,5,21
7109,968,835,4,15
7110,968,836,209,16
7114,968,839,209,20
7117,969,1,131,1
7129,969,4,1,13
7120,969,8,6,4
7123,969,13,3,7
7118,969,20,6,2
7122,969,154,210,6
7128,969,807,4,12
7127,969,815,10,11
7126,969,817,9,10
7119,969,822,131,3
7133,969,825,210,17
7125,969,826,5,9
7131,969,828,15,15
7121,969,830,9,5
7124,969,832,5,8
7136,969,835,4,20
7134,969,838,1,18
7130,969,839,10,14
7135,969,840,3,19
7132,969,841,15,16
7137,970,1,131,1
7149,970,4,1,13
7140,970,8,6,4
7142,970,13,3,6
7138,970,20,6,2
7153,970,154,210,17
7143,970,807,4,7
7144,970,815,10,8
7141,970,817,9,5
7139,970,822,131,3
7148,970,825,210,12
7145,970,826,5,9
7150,970,828,15,14
7155,970,830,9,19
7147,970,832,5,11
7154,970,835,4,18
7152,970,838,1,16
7156,970,839,10,20
7146,970,840,3,10
7151,970,841,15,15
7158,971,1,131,2
7171,971,4,1,15
7161,971,8,6,5
7164,971,13,3,8
7159,971,20,6,3
7165,971,154,210,9
7163,971,807,4,7
7174,971,815,10,18
7160,971,817,9,4
7157,971,822,131,1
7176,971,825,210,20
7167,971,826,5,11
7175,971,828,15,19
7162,971,830,9,6
7172,971,832,5,16
7166,971,835,4,10
7169,971,836,15,13
7173,971,838,1,17
7170,971,839,10,14
7168,971,840,3,12
7180,972,1,131,4
7191,972,4,1,15
7178,972,8,6,2
7182,972,13,3,6
7177,972,20,6,1
7196,972,154,210,20
7184,972,807,4,8
7185,972,815,10,9
7181,972,817,9,5
7179,972,822,131,3
7190,972,825,210,14
7189,972,826,5,13
7195,972,828,15,19
7183,972,830,9,7
7187,972,832,5,11
7192,972,835,4,16
7194,972,836,15,18
7193,972,838,1,17
7186,972,839,10,10
7188,972,840,3,12
7197,973,1,131,1
7203,973,4,1,7
7200,973,8,6,4
7205,973,13,3,9
7198,973,20,6,2
7210,973,154,210,14
7209,973,807,4,13
7204,973,815,10,8
7202,973,817,9,6
7199,973,822,131,3
7207,973,825,210,11
7216,973,826,5,20
7212,973,828,15,16
7201,973,830,9,5
7208,973,832,5,12
7213,973,835,4,17
7211,973,836,15,15
7215,973,838,1,19
7206,973,839,10,10
7214,973,840,3,18
7230,974,1,131,14
7217,974,8,6,1
7231,974,13,3,15
7225,974,18,1,9
7218,974,20,6,2
7224,974,154,210,8
7228,974,807,4,12
7223,974,815,10,7
7221,974,817,9,5
7219,974,822,131,3
7229,974,825,210,13
7227,974,826,5,11
7236,974,828,15,20
7220,974,830,9,4
7222,974,832,5,6
7233,974,835,4,17
7235,974,836,15,19
7226,974,838,1,10
7232,974,839,10,16
7234,974,840,3,18
7237,975,1,131,1
7248,975,4,1,12
7240,975,8,6,4
7243,975,13,3,7
7238,975,20,6,2
7250,975,154,210,14
7246,975,807,4,10
7244,975,815,10,8
7242,975,817,9,6
7239,975,822,131,3
7254,975,825,210,18
7247,975,826,5,11
7255,975,828,15,19
7241,975,830,9,5
7249,975,832,5,13
7251,975,835,4,15
7256,975,836,15,20
7252,975,838,1,16
7245,975,839,10,9
7253,975,840,3,17
7257,976,1,131,1
7272,976,4,1,16
7259,976,8,6,3
7265,976,13,3,9
7260,976,20,6,4
7273,976,154,210,17
7270,976,807,4,14
7262,976,815,10,6
7266,976,817,9,10
7258,976,822,131,2
7269,976,825,210,13
7267,976,826,5,11
7274,976,828,15,18
7261,976,830,9,5
7268,976,832,5,12
7271,976,836,15,15
7275,976,838,1,19
7263,976,839,10,7
7264,976,840,3,8
7279,977,1,131,3
7288,977,4,1,12
7280,977,8,6,4
7293,977,13,3,17
7278,977,20,6,2
7283,977,154,210,7
7287,977,807,4,11
7284,977,815,10,8
7281,977,817,9,5
7277,977,822,131,1
7291,977,825,210,15
7290,977,826,5,14
7295,977,828,15,19
7282,977,830,9,6
7286,977,832,5,10
7292,977,835,4,16
7296,977,836,15,20
7289,977,838,1,13
7285,977,839,10,9
7294,977,840,3,18
7297,978,1,131,1
7309,978,4,1,13
7298,978,8,6,2
7311,978,13,3,15
7299,978,20,6,3
7306,978,154,210,10
7302,978,807,4,6
7303,978,815,10,7
7316,978,817,9,20
7300,978,822,131,4
7313,978,825,210,17
7308,978,826,5,12
7315,978,828,15,19
7301,978,830,9,5
7310,978,832,5,14
7307,978,835,4,11
7314,978,836,15,18
7305,978,838,1,9
7304,978,839,10,8
7312,978,840,3,16
7320,979,1,131,4
7324,979,4,1,8
7318,979,8,6,2
7317,979,20,6,1
7331,979,154,210,15
7323,979,807,4,7
7335,979,814,3,19
7330,979,815,10,14
7322,979,817,9,6
7319,979,822,131,3
7332,979,825,210,16
7329,979,826,5,13
7336,979,828,15,20
7321,979,830,9,5
7326,979,832,5,10
7327,979,835,4,11
7334,979,836,15,18
7325,979,838,1,9
7328,979,839,10,12
7333,979,840,3,17
7337,980,1,131,1
7347,980,4,1,11
7340,980,8,6,4
7352,980,13,3,16
7338,980,20,6,2
7348,980,154,210,12
7343,980,807,4,7
7344,980,815,10,8
7342,980,817,9,6
7339,980,822,131,3
7349,980,825,210,13
7353,980,826,5,17
7355,980,828,15,19
7341,980,830,9,5
7350,980,832,5,14
7346,980,835,4,10
7356,980,836,15,20
7351,980,838,1,15
7345,980,839,10,9
7354,980,840,3,18
7357,981,1,131,1
7369,981,4,1,13
7363,981,8,6,7
7365,981,13,3,9
7364,981,20,6,8
7376,981,154,210,20
7368,981,807,4,12
7367,981,815,10,11
7359,981,817,9,3
7362,981,822,131,6
7372,981,825,210,16
7370,981,826,5,14
7374,981,828,15,18
7358,981,830,9,2
7371,981,832,5,15
7373,981,835,4,17
7375,981,836,15,19
7366,981,838,1,10
7361,981,839,10,5
7360,981,840,3,4
7381,982,1,131,5
7384,982,4,1,8
7380,982,8,6,4
7393,982,13,3,17
7377,982,20,6,1
7391,982,154,210,15
7383,982,807,4,7
7388,982,815,10,12
7379,982,817,9,3
7382,982,822,131,6
7392,982,825,210,16
7389,982,826,5,13
7396,982,828,15,20
7378,982,830,9,2
7386,982,832,5,10
7387,982,835,4,11
7395,982,836,15,19
7385,982,838,1,9
7390,982,839,10,14
7394,982,840,3,18
7397,983,1,131,1
7406,983,4,1,10
7398,983,8,6,2
7407,983,13,3,11
7401,983,20,6,20
7412,983,154,210,16
7404,983,807,4,8
7405,983,815,10,9
7400,983,817,9,4
7416,983,822,131,5
7413,983,825,210,17
7415,983,828,15,19
7399,983,830,9,3
7410,983,832,5,14
7408,983,835,4,12
7414,983,836,15,18
7403,983,838,1,7
7402,983,839,10,6
7409,983,840,3,13
7411,983,842,5,15
7417,984,1,131,1
7426,984,4,1,10
7422,984,8,6,6
7425,984,13,3,9
7419,984,20,6,3
7432,984,154,210,16
7428,984,807,4,12
7424,984,815,10,8
7420,984,817,9,4
7418,984,822,131,2
7429,984,825,210,13
7435,984,828,15,19
7421,984,830,9,5
7431,984,832,5,15
7430,984,835,4,14
7436,984,836,15,20
7427,984,838,1,11
7423,984,839,10,7
7434,984,840,3,18
7433,984,842,5,17
7437,985,1,131,1
7445,985,4,1,9
7441,985,8,6,5
7447,985,13,3,11
7438,985,20,6,2
7450,985,154,210,14
7451,985,807,4,15
7446,985,815,10,10
7440,985,817,9,4
7439,985,822,131,3
7456,985,825,210,20
7448,985,826,5,12
7452,985,828,15,16
7442,985,830,9,6
7444,985,832,4,8
7455,985,836,15,19
7449,985,838,1,13
7443,985,839,10,7
7453,985,840,3,17
7454,985,843,5,18
7459,986,1,131,3
7470,986,4,1,14
7461,986,8,6,5
7467,986,13,3,11
7457,986,20,6,1
7475,986,154,210,19
7464,986,807,4,8
7466,986,815,10,10
7463,986,817,9,7
7460,986,822,131,4
7474,986,825,210,18
7472,986,828,15,16
7458,986,830,9,2
7465,986,832,4,9
7473,986,836,15,17
7471,986,838,1,15
7462,986,839,10,6
7468,986,840,3,12
7469,986,843,5,13
7496,987,1,131,20
7482,987,4,1,7
7478,987,8,6,3
7485,987,13,3,10
7477,987,20,6,2
7487,987,154,210,12
7483,987,807,4,8
7481,987,815,10,6
7480,987,817,9,5
7476,987,822,131,1
7489,987,825,210,14
7494,987,828,15,19
7479,987,830,9,4
7484,987,832,4,9
7491,987,836,15,16
7488,987,838,1,13
7486,987,839,10,11
7493,987,840,3,18
7492,987,842,5,17
7490,987,843,5,15
7497,988,1,131,2
7506,988,4,1,11
7500,988,8,6,5
7505,988,13,3,10
7498,988,20,6,3
7511,988,154,210,16
7502,988,807,4,7
7503,988,815,10,8
7499,988,817,9,4
7495,988,822,131,1
7509,988,825,210,14
7514,988,828,15,19
7501,988,830,9,6
7507,988,832,4,12
7513,988,836,15,18
7508,988,838,1,13
7504,988,839,10,9
7510,988,840,3,15
7512,988,842,5,17
7515,988,843,5,20
7516,989,1,131,1
7526,989,4,1,11
7517,989,8,6,2
7518,989,20,6,3
7522,989,154,210,7
7523,989,807,4,8
7528,989,815,10,13
7520,989,817,9,5
7525,989,822,131,10
7521,989,825,210,6
7532,989,828,15,17
7519,989,830,9,4
7524,989,832,4,9
7527,989,838,1,12
7530,989,839,10,15
7529,989,840,3,14
7535,989,842,5,20
7531,989,843,5,16
7533,989,844,15,18
7534,989,845,3,19
7539,990,1,131,4
7548,990,4,1,13
7537,990,8,6,2
7536,990,20,6,1
7551,990,154,210,16
7543,990,807,4,8
7547,990,815,10,12
7540,990,817,9,5
7538,990,822,131,3
7542,990,825,210,7
7552,990,828,15,17
7550,990,830,9,15
7545,990,832,4,10
7549,990,838,1,14
7544,990,839,10,9
7555,990,840,3,20
7541,990,842,5,6
7546,990,843,5,11
7554,990,844,15,19
7553,990,845,3,18
7559,991,1,131,4
7568,991,4,1,13
7557,991,8,6,2
7556,991,20,6,1
7565,991,154,210,10
7562,991,807,4,7
7563,991,815,10,8
7561,991,817,9,6
7558,991,822,131,3
7566,991,825,210,11
7575,991,828,15,20
7560,991,830,9,5
7564,991,832,4,9
7569,991,838,1,14
7567,991,839,10,12
7573,991,840,3,18
7572,991,842,5,17
7570,991,843,5,15
7574,991,844,15,19
7571,991,845,3,16
7577,992,1,131,2
7588,992,4,1,13
7581,992,8,6,6
7576,992,20,6,1
7595,992,154,210,20
7584,992,807,4,9
7583,992,815,10,8
7579,992,817,9,4
7578,992,822,131,3
7590,992,825,210,15
7593,992,828,15,18
7580,992,830,9,5
7585,992,832,4,10
7591,992,838,1,16
7582,992,839,10,7
7586,992,840,3,11
7592,992,842,5,17
7594,992,843,5,19
7589,992,844,15,14
7587,992,845,3,12
7596,993,1,131,1
7603,993,4,1,8
7599,993,8,6,4
7598,993,20,6,3
7605,993,154,210,10
7611,993,807,4,16
7610,993,815,10,15
7601,993,817,9,6
7597,993,822,131,2
7602,993,825,210,7
7612,993,828,15,17
7600,993,830,9,5
7604,993,832,4,9
7606,993,838,1,11
7608,993,839,10,13
7614,993,840,3,19
7607,993,842,5,12
7615,993,843,5,20
7609,993,844,15,14
7613,993,845,3,18
7618,994,1,131,3
7620,994,4,1,7
7619,994,8,6,4
7617,994,20,6,2
7627,994,154,210,15
7635,994,807,4,11
7622,994,815,10,9
7616,994,817,9,1
7633,994,822,131,5
7631,994,825,210,19
7629,994,828,15,17
7632,994,830,9,20
7621,994,832,4,8
7624,994,838,1,12
7634,994,839,10,6
7630,994,840,3,18
7623,994,842,5,10
7628,994,843,5,16
7626,994,844,15,14
7625,994,845,3,13
7639,995,1,131,4
7647,995,4,1,14
7640,995,8,6,5
7636,995,20,6,1
7653,995,154,210,20
7642,995,807,4,7
7645,995,815,10,10
7641,995,817,9,6
7637,995,822,131,2
7654,995,825,210,11
7652,995,828,15,19
7638,995,830,9,3
7644,995,832,4,9
7648,995,838,1,15
7643,995,839,10,8
7650,995,840,3,17
7649,995,842,5,16
7646,995,843,5,12
7655,995,844,15,13
7651,995,845,3,18
7656,996,1,131,1
7671,996,4,1,16
7661,996,8,6,6
7658,996,20,6,3
7665,996,154,210,10
7667,996,807,4,12
7668,996,815,10,13
7660,996,817,9,5
7657,996,822,131,2
7664,996,825,210,9
7670,996,828,15,15
7659,996,830,9,4
7662,996,832,4,7
7673,996,838,1,18
7666,996,839,10,11
7675,996,840,3,20
7669,996,842,5,14
7672,996,843,5,17
7663,996,844,15,8
7674,996,845,3,19
7677,997,1,131,2
7689,997,4,1,14
7679,997,8,6,4
7678,997,20,6,3
7681,997,154,210,6
7685,997,807,4,10
7692,997,815,10,17
7682,997,817,9,7
7676,997,822,131,1
7683,997,825,210,8
7695,997,828,15,20
7680,997,830,9,5
7684,997,832,4,9
7691,997,838,1,16
7686,997,839,10,11
7690,997,840,3,15
7687,997,842,5,12
7694,997,843,5,19
7688,997,844,15,13
7693,997,845,3,18
7696,998,1,131,1
7708,998,4,1,13
7698,998,8,6,3
7697,998,20,6,2
7703,998,154,210,8
7706,998,807,4,11
7707,998,815,10,12
7701,998,817,9,6
7699,998,822,131,4
7702,998,825,210,7
7710,998,828,15,15
7700,998,830,9,5
7711,998,832,4,16
7712,998,838,1,17
7705,998,839,10,10
7714,998,840,3,19
7709,998,842,5,14
7715,998,843,5,20
7704,998,844,15,9
7713,998,845,3,18
7729,999,1,131,14
7726,999,4,1,11
7718,999,8,6,3
7716,999,20,6,1
7721,999,154,210,6
7722,999,807,4,7
7725,999,815,10,10
7730,999,817,9,15
7717,999,822,131,2
7720,999,825,210,5
7728,999,828,15,13
7719,999,830,9,4
7723,999,832,4,8
7735,999,838,1,20
7731,999,839,10,16
7734,999,840,3,19
7732,999,842,5,17
7733,999,843,5,18
7724,999,844,15,9
7727,999,845,3,12
7754,1000,1,131,1
7744,1000,4,1,11
7736,1000,8,6,3
7737,1000,20,6,4
7743,1000,154,210,10
7746,1000,807,4,13
7752,1000,815,10,19
7745,1000,817,9,12
7755,1000,822,131,2
7742,1000,825,210,9
7747,1000,828,15,14
7740,1000,830,9,7
7738,1000,832,4,5
7749,1000,838,1,16
7751,1000,839,10,18
7748,1000,840,3,15
7739,1000,842,5,6
7741,1000,843,5,8
7750,1000,844,15,17
7753,1000,845,3,20
7756,1001,1,131,1
7772,1001,4,1,17
7761,1001,8,6,6
7757,1001,20,6,2
7760,1001,154,210,5
7770,1001,807,4,15
7759,1001,815,10,4
7763,1001,817,9,8
7765,1001,822,131,10
7764,1001,825,210,9
7769,1001,828,15,14
7762,1001,830,9,7
7771,1001,832,4,16
7775,1001,838,1,20
7758,1001,839,10,3
7774,1001,840,3,19
7766,1001,842,5,11
7767,1001,843,5,12
7768,1001,844,15,13
7773,1001,845,3,18
7778,1002,1,131,3
7788,1002,4,1,13
7776,1002,8,6,1
7777,1002,20,6,2
7781,1002,154,210,6
7789,1002,807,4,14
7791,1002,815,10,16
7790,1002,817,9,15
7779,1002,822,131,4
7786,1002,825,210,11
7794,1002,828,15,19
7780,1002,830,9,5
7782,1002,832,4,7
7795,1002,838,1,20
7783,1002,839,10,8
7785,1002,840,3,10
7784,1002,842,5,9
7793,1002,843,5,18
7792,1002,844,15,17
7787,1002,845,3,12
7796,1003,1,131,1
7806,1003,4,1,11
7800,1003,8,6,5
7798,1003,20,6,3
7803,1003,154,210,8
7805,1003,807,4,10
7802,1003,815,10,7
7801,1003,817,9,6
7799,1003,822,131,4
7811,1003,825,210,16
7809,1003,828,15,14
7797,1003,830,9,2
7807,1003,832,4,12
7813,1003,838,1,18
7804,1003,839,10,9
7815,1003,840,3,20
7810,1003,842,5,15
7812,1003,843,5,17
7808,1003,844,15,13
7814,1003,845,3,19
7817,1004,1,131,2
7832,1004,4,1,17
7819,1004,8,6,4
7818,1004,20,6,3
7824,1004,154,210,9
7830,1004,807,4,15
7823,1004,815,10,8
7827,1004,817,9,12
7816,1004,822,131,1
7820,1004,825,210,5
7825,1004,828,15,10
7826,1004,830,9,11
7829,1004,832,4,14
7834,1004,838,1,19
7821,1004,839,10,6
7835,1004,840,3,20
7828,1004,842,5,13
7831,1004,843,5,16
7822,1004,844,15,7
7833,1004,845,3,18
7836,1005,1,131,1
7853,1005,4,1,18
7839,1005,8,6,4
7844,1005,20,6,9
7840,1005,154,210,5
7851,1005,807,4,16
7845,1005,815,10,10
7850,1005,817,9,15
7837,1005,822,131,2
7847,1005,825,210,12
7855,1005,828,15,20
7838,1005,830,9,3
7848,1005,832,4,13
7854,1005,838,1,19
7843,1005,839,10,8
7849,1005,840,3,14
7842,1005,842,5,7
7841,1005,843,5,6
7846,1005,844,15,11
7852,1005,845,3,17
7856,1006,1,131,1
7871,1006,4,1,16
7858,1006,8,6,3
7857,1006,20,6,2
7863,1006,154,210,8
7862,1006,807,4,7
7865,1006,815,10,10
7860,1006,817,9,5
7859,1006,822,131,4
7867,1006,825,210,12
7874,1006,828,15,19
7870,1006,830,9,15
7866,1006,832,4,11
7875,1006,838,1,20
7861,1006,839,10,6
7873,1006,840,3,18
7868,1006,842,5,13
7869,1006,843,5,14
7864,1006,844,15,9
7872,1006,845,3,17
7878,1007,1,131,3
7895,1007,4,1,12
7881,1007,8,6,6
7879,1007,20,6,4
7890,1007,154,210,16
7882,1007,807,4,7
7887,1007,815,10,13
7876,1007,817,9,1
7880,1007,822,131,5
7892,1007,825,210,18
7885,1007,828,15,10
7877,1007,830,9,2
7883,1007,832,4,8
7891,1007,838,1,17
7886,1007,839,10,11
7893,1007,840,3,19
7889,1007,842,5,15
7888,1007,843,5,14
7884,1007,844,15,9
7894,1007,845,3,20
7896,1008,1,131,1
7913,1008,4,1,18
7899,1008,8,6,4
7897,1008,20,6,2
7904,1008,154,210,9
7909,1008,807,4,14
7907,1008,815,10,12
7901,1008,817,9,6
7898,1008,822,131,3
7906,1008,825,210,11
7902,1008,828,15,7
7900,1008,830,9,5
7911,1008,832,4,16
7915,1008,838,1,20
7908,1008,839,10,13
7914,1008,840,3,19
7905,1008,842,5,10
7912,1008,843,5,17
7903,1008,844,15,8
7910,1008,845,3,15
7916,1009,1,131,1
7930,1009,4,1,15
7919,1009,8,6,4
7918,1009,20,6,3
7922,1009,154,210,7
7925,1009,807,4,10
7929,1009,815,10,14
7920,1009,817,9,5
7917,1009,822,131,2
7928,1009,825,210,13
7927,1009,828,15,12
7921,1009,830,9,6
7926,1009,832,4,11
7933,1009,838,1,18
7924,1009,839,10,9
7935,1009,840,3,20
7932,1009,842,5,17
7931,1009,843,5,16
7923,1009,844,15,8
7934,1009,845,3,19
7936,1010,1,131,1
7944,1010,8,51,9
7955,1010,9,3,20
7938,1010,20,6,3
7941,1010,154,210,6
7946,1010,807,4,11
7945,1010,815,211,10
7947,1010,817,4,12
7937,1010,822,131,2
7942,1010,825,210,7
7950,1010,826,5,15
7939,1010,830,9,4
7953,1010,832,1,18
7951,1010,840,211,16
7949,1010,841,51,14
7952,1010,842,9,17
7940,1010,844,6,5
7943,1010,846,1,8
7954,1010,847,3,19
7948,1010,848,5,13
7958,1011,1,131,3
7964,1011,8,51,9
7975,1011,9,3,20
7957,1011,20,6,2
7963,1011,154,210,8
7972,1011,807,4,17
7969,1011,815,211,14
7966,1011,817,4,11
7959,1011,822,131,4
7961,1011,825,210,6
7970,1011,826,5,15
7960,1011,830,9,5
7962,1011,832,1,7
7973,1011,840,211,18
7971,1011,841,51,16
7968,1011,842,9,13
7956,1011,844,6,1
7965,1011,846,1,10
7974,1011,847,3,19
7967,1011,848,5,12
7977,1012,1,131,2
7988,1012,8,51,13
7993,1012,9,3,18
7978,1012,20,6,3
7985,1012,154,210,10
7983,1012,807,4,8
7987,1012,815,211,12
7982,1012,817,4,7
7976,1012,822,131,1
7984,1012,825,210,9
7986,1012,826,5,11
7980,1012,830,9,5
7989,1012,832,1,14
7991,1012,840,211,16
7981,1012,842,9,6
7979,1012,844,6,4
7990,1012,846,1,15
7992,1012,847,3,17
7995,1013,1,131,2
8012,1013,8,51,19
8011,1013,9,3,18
7996,1013,20,6,3
8008,1013,154,210,15
8009,1013,807,4,16
7998,1013,815,211,5
8004,1013,817,4,11
7994,1013,822,131,1
8006,1013,825,210,13
7999,1013,826,5,6
7997,1013,830,9,4
8003,1013,832,1,10
8007,1013,840,211,14
8001,1013,841,51,8
8013,1013,842,9,20
8002,1013,844,6,9
8000,1013,846,1,7
8010,1013,847,3,17
8005,1013,848,5,12
8015,1014,1,131,2
8027,1014,8,51,14
8033,1014,9,3,20
8016,1014,20,6,3
8020,1014,154,210,7
8029,1014,807,4,16
8028,1014,815,211,15
8023,1014,817,4,10
8014,1014,822,131,1
8021,1014,825,210,8
8022,1014,826,5,9
8017,1014,830,9,4
8026,1014,832,1,13
8030,1014,840,211,17
8031,1014,841,51,18
8019,1014,842,9,6
8018,1014,844,6,5
8024,1014,846,1,11
8032,1014,847,3,19
8025,1014,848,5,12
8034,1015,1,131,1
8047,1015,8,51,14
8053,1015,9,3,20
8037,1015,20,6,4
8046,1015,154,210,13
8044,1015,807,4,11
8050,1015,815,211,17
8040,1015,817,4,7
8035,1015,822,131,2
8039,1015,825,210,6
8041,1015,826,5,8
8036,1015,830,9,3
8042,1015,832,1,9
8051,1015,840,211,18
8048,1015,841,51,15
8038,1015,842,9,5
8049,1015,844,6,16
8045,1015,846,1,12
8052,1015,847,3,19
8043,1015,848,5,10
8055,1016,1,131,2
8070,1016,8,51,17
8073,1016,9,3,20
8054,1016,20,6,1
8068,1016,154,210,15
8060,1016,807,4,7
8069,1016,815,211,16
8057,1016,817,4,4
8059,1016,822,131,6
8063,1016,825,210,10
8065,1016,826,5,12
8064,1016,830,9,11
8062,1016,832,1,9
8071,1016,840,211,18
8066,1016,841,51,13
8058,1016,842,9,5
8056,1016,844,6,3
8061,1016,846,1,8
8072,1016,847,3,19
8067,1016,848,5,14
8074,1017,1,131,1
8085,1017,8,51,12
8093,1017,9,3,20
8080,1017,20,6,7
8090,1017,154,210,17
8086,1017,807,4,13
8087,1017,815,211,14
8081,1017,817,4,8
8075,1017,822,131,2
8088,1017,825,210,15
8089,1017,826,5,16
8077,1017,830,9,4
8079,1017,832,1,6
8091,1017,840,211,18
8083,1017,841,51,10
8082,1017,842,9,9
8076,1017,844,6,3
8078,1017,846,1,5
8092,1017,847,3,19
8084,1017,848,5,11
8095,1018,1,131,2
8100,1018,8,51,7
8113,1018,9,3,20
8103,1018,20,6,10
8104,1018,154,210,11
8105,1018,807,4,12
8109,1018,815,211,16
8107,1018,817,4,14
8097,1018,822,131,4
8098,1018,825,210,5
8111,1018,826,5,18
8096,1018,830,9,3
8108,1018,832,1,15
8110,1018,840,211,17
8101,1018,841,51,8
8102,1018,842,9,9
8094,1018,844,6,1
8099,1018,846,1,6
8112,1018,847,3,19
8106,1018,848,5,13
8115,1019,1,131,2
8125,1019,8,51,12
8133,1019,9,3,20
8119,1019,20,6,6
8127,1019,154,210,14
8123,1019,807,4,10
8128,1019,815,211,15
8120,1019,817,4,7
8114,1019,822,131,1
8129,1019,825,210,16
8130,1019,826,5,17
8117,1019,830,9,4
8126,1019,832,1,13
8131,1019,840,211,18
8124,1019,841,51,11
8118,1019,842,9,5
8116,1019,844,6,3
8121,1019,846,1,8
8132,1019,847,3,19
8122,1019,848,5,9
8134,1020,1,131,1
8138,1020,8,51,5
8152,1020,9,3,19
8153,1020,20,6,20
8139,1020,154,210,6
8142,1020,807,4,9
8141,1020,815,211,8
8146,1020,817,4,13
8136,1020,822,131,3
8145,1020,825,210,12
8147,1020,826,5,14
8135,1020,830,9,2
8140,1020,832,1,7
8148,1020,840,211,15
8144,1020,841,51,11
8137,1020,842,9,4
8143,1020,844,6,10
8149,1020,846,1,16
8151,1020,847,3,18
8150,1020,848,5,17
8156,1021,1,131,3
8163,1021,8,51,10
8173,1021,9,3,20
8158,1021,20,6,5
8162,1021,154,210,9
8164,1021,807,4,11
8170,1021,815,211,17
8171,1021,817,4,18
8155,1021,822,131,2
8168,1021,825,210,15
8166,1021,826,5,13
8154,1021,830,9,1
8161,1021,832,1,8
8172,1021,840,211,19
8167,1021,841,51,14
8159,1021,842,9,6
8157,1021,844,6,4
8160,1021,846,1,7
8169,1021,847,3,16
8165,1021,848,5,12
8176,1022,1,131,3
8181,1022,8,51,8
8193,1022,9,3,20
8175,1022,20,6,2
8184,1022,154,210,11
8180,1022,807,4,7
8182,1022,815,211,9
8179,1022,817,4,6
8177,1022,822,131,4
8183,1022,825,210,10
8191,1022,826,5,18
8178,1022,830,9,5
8190,1022,832,1,17
8186,1022,840,211,13
8188,1022,841,51,15
8189,1022,842,5,16
8174,1022,844,6,1
8185,1022,846,1,12
8192,1022,847,3,19
8187,1022,848,9,14
8195,1023,1,131,2
8203,1023,8,51,10
8212,1023,9,3,19
8197,1023,20,6,4
8209,1023,154,210,16
8199,1023,807,4,6
8210,1023,815,211,17
8198,1023,817,4,5
8196,1023,822,131,3
8205,1023,825,210,12
8206,1023,826,5,13
8213,1023,830,9,20
8200,1023,832,1,7
8202,1023,840,211,9
8204,1023,841,51,11
8208,1023,842,5,15
8194,1023,844,6,1
8207,1023,846,1,14
8211,1023,847,3,18
8201,1023,848,9,8
8215,1024,1,131,2
8226,1024,8,51,13
8232,1024,9,3,19
8216,1024,20,6,3
8230,1024,154,210,17
8221,1024,807,4,8
8223,1024,815,211,10
8233,1024,817,4,20
8218,1024,822,131,5
8227,1024,825,210,14
8228,1024,826,5,15
8217,1024,830,9,4
8220,1024,832,1,7
8229,1024,840,211,16
8224,1024,841,51,11
8225,1024,842,5,12
8214,1024,844,6,1
8222,1024,846,1,9
8231,1024,847,3,18
8219,1024,848,9,6
8235,1025,1,131,2
8249,1025,8,51,16
8251,1025,9,3,18
8236,1025,20,6,3
8242,1025,154,210,9
8240,1025,807,4,7
8245,1025,815,211,12
8243,1025,817,4,10
8238,1025,822,131,5
8247,1025,825,210,14
8253,1025,826,5,20
8237,1025,830,9,4
8239,1025,832,1,6
8248,1025,840,211,15
8246,1025,841,51,13
8244,1025,842,5,11
8234,1025,844,6,1
8241,1025,846,1,8
8250,1025,847,3,17
8252,1025,848,9,19
8257,1026,1,131,4
8266,1026,8,51,13
8273,1026,9,3,20
8254,1026,20,6,1
8263,1026,154,210,10
8268,1026,807,4,15
8270,1026,815,211,17
8269,1026,817,4,16
8256,1026,822,131,3
8272,1026,825,210,19
8267,1026,826,5,14
8258,1026,830,9,5
8260,1026,832,1,7
8265,1026,840,211,12
8264,1026,841,51,11
8262,1026,842,5,9
8255,1026,844,6,2
8261,1026,846,1,8
8271,1026,847,3,18
8259,1026,848,9,6
8277,1027,1,131,4
8287,1027,8,51,14
8293,1027,9,3,20
8276,1027,20,6,3
8291,1027,154,210,18
8285,1027,807,4,12
8284,1027,815,211,11
8286,1027,817,4,13
8279,1027,822,131,6
8290,1027,825,210,17
8282,1027,826,5,9
8274,1027,830,9,1
8280,1027,832,1,7
8289,1027,840,211,16
8288,1027,841,51,15
8283,1027,842,5,10
8275,1027,844,6,2
8281,1027,846,1,8
8292,1027,847,3,19
8278,1027,848,9,5
8298,1028,1,131,5
8310,1028,8,51,17
8313,1028,9,3,20
8295,1028,20,6,2
8308,1028,154,210,15
8304,1028,807,4,11
8312,1028,815,211,19
8302,1028,817,4,9
8294,1028,822,131,1
8305,1028,825,210,12
8306,1028,826,5,13
8296,1028,830,9,3
8300,1028,832,1,7
8307,1028,840,211,14
8309,1028,841,51,16
8303,1028,842,5,10
8297,1028,844,6,4
8301,1028,846,1,8
8311,1028,847,3,18
8299,1028,848,9,6
8316,1029,1,131,3
8322,1029,8,51,9
8332,1029,9,3,19
8315,1029,20,6,2
8321,1029,154,210,8
8327,1029,807,4,14
8328,1029,815,211,15
8325,1029,817,4,12
8318,1029,822,131,5
8323,1029,825,210,10
8329,1029,826,9,16
8314,1029,830,9,1
8333,1029,832,1,20
8330,1029,840,211,17
8326,1029,841,51,13
8320,1029,842,5,7
8317,1029,844,6,4
8324,1029,846,1,11
8331,1029,847,3,18
8319,1029,848,9,6
